{
    "OrigActin": -1.8891791699802942,
    "OrigDNA": -2.2456075474546515,
    "OrigER": -2.2825812279725524,
    "OrigMito": -2.012531942517173,
    "OrigPM": -2.4309820530015642
}