feature,tilt_rms,compartment,measurement,channel
Cells_Intensity_MinIntensityEdge_Actin,0.7101452673386807,Cells,Intensity,Actin
Cytoplasm_Intensity_MinIntensityEdge_Actin,0.706671803073479,Cytoplasm,Intensity,Actin
Cells_Texture_InverseDifferenceMoment_Actin_3_01_256,0.7043064058140124,Cells,Texture,Actin
Cytoplasm_Texture_InverseDifferenceMoment_Actin_3_01_256,0.7038684194661511,Cytoplasm,Texture,Actin
Cytoplasm_Texture_InverseDifferenceMoment_Actin_3_03_256,0.7038521250584654,Cytoplasm,Texture,Actin
Cells_Texture_InverseDifferenceMoment_Actin_3_03_256,0.7037128968812829,Cells,Texture,Actin
Cytoplasm_Texture_InverseDifferenceMoment_Actin_3_00_256,0.6986955266805602,Cytoplasm,Texture,Actin
Cells_Texture_InverseDifferenceMoment_Actin_3_00_256,0.6983076818875635,Cells,Texture,Actin
Cytoplasm_Texture_InverseDifferenceMoment_Actin_3_02_256,0.6977308328940265,Cytoplasm,Texture,Actin
Cytoplasm_Texture_Entropy_Actin_3_02_256,0.6966601600300735,Cytoplasm,Texture,Actin
Cells_Texture_Entropy_Actin_3_00_256,0.6965522766557478,Cells,Texture,Actin
Cytoplasm_Texture_Entropy_Actin_3_00_256,0.6965522703772348,Cytoplasm,Texture,Actin
Cells_Texture_Entropy_Actin_3_02_256,0.69644306361509,Cells,Texture,Actin
Cells_Texture_InverseDifferenceMoment_Actin_3_02_256,0.6962669257315931,Cells,Texture,Actin
Cytoplasm_Texture_Entropy_Actin_3_03_256,0.6944415869026571,Cytoplasm,Texture,Actin
Cytoplasm_Texture_Entropy_Actin_3_01_256,0.6940740330711576,Cytoplasm,Texture,Actin
Cells_Texture_Entropy_Actin_3_03_256,0.6934643438970852,Cells,Texture,Actin
Cells_Texture_Entropy_Actin_3_01_256,0.6932672272491657,Cells,Texture,Actin
Cytoplasm_Intensity_MeanIntensity_Actin,0.6819489005152983,Cytoplasm,Intensity,Actin
Cytoplasm_RadialDistribution_ZernikeMagnitude_Actin_0_0,0.6819458803578824,Cytoplasm,RadialDistribution,Actin
Cells_RadialDistribution_ZernikeMagnitude_Actin_0_0,0.6800244689935159,Cells,RadialDistribution,Actin
Cells_Intensity_MeanIntensity_Actin,0.6800209289444484,Cells,Intensity,Actin
Cells_Texture_DifferenceEntropy_Actin_3_03_256,0.6762102377377345,Cells,Texture,Actin
Cytoplasm_Texture_DifferenceEntropy_Actin_3_01_256,0.6753194145181407,Cytoplasm,Texture,Actin
Cytoplasm_Texture_DifferenceEntropy_Actin_3_03_256,0.6751061679654599,Cytoplasm,Texture,Actin
Cells_Texture_DifferenceEntropy_Actin_3_00_256,0.6749785741661386,Cells,Texture,Actin
Cells_Texture_DifferenceEntropy_Actin_3_01_256,0.6747383799174922,Cells,Texture,Actin
Cytoplasm_Texture_SumEntropy_Actin_3_02_256,0.6739688890796243,Cytoplasm,Texture,Actin
Cytoplasm_Texture_SumEntropy_Actin_3_00_256,0.6738739705240561,Cytoplasm,Texture,Actin
Cells_Texture_DifferenceEntropy_Actin_3_02_256,0.6736293582825615,Cells,Texture,Actin
Cytoplasm_Texture_DifferenceEntropy_Actin_3_00_256,0.6735355298574461,Cytoplasm,Texture,Actin
Cytoplasm_Texture_DifferenceEntropy_Actin_3_02_256,0.6735005834859005,Cytoplasm,Texture,Actin
Cells_Texture_SumEntropy_Actin_3_02_256,0.6732186106409531,Cells,Texture,Actin
Cells_Texture_SumEntropy_Actin_3_00_256,0.67320079503987,Cells,Texture,Actin
Cytoplasm_Texture_SumEntropy_Actin_3_01_256,0.6719292893868841,Cytoplasm,Texture,Actin
Cytoplasm_Texture_SumEntropy_Actin_3_03_256,0.6713463012546074,Cytoplasm,Texture,Actin
Cells_Texture_SumEntropy_Actin_3_01_256,0.6711570776369395,Cells,Texture,Actin
Cells_Texture_SumEntropy_Actin_3_03_256,0.6704773534755212,Cells,Texture,Actin
Cytoplasm_Texture_SumAverage_Actin_3_00_256,0.667909475417675,Cytoplasm,Texture,Actin
Cytoplasm_Texture_SumAverage_Actin_3_02_256,0.6676341456501241,Cytoplasm,Texture,Actin
Cytoplasm_Intensity_UpperQuartileIntensity_Actin,0.6671207940661994,Cytoplasm,Intensity,Actin
Cells_Intensity_UpperQuartileIntensity_Actin,0.6668087816824803,Cells,Intensity,Actin
Cells_Texture_SumAverage_Actin_3_00_256,0.6659525222357208,Cells,Texture,Actin
Cells_Texture_SumAverage_Actin_3_02_256,0.6656167850321414,Cells,Texture,Actin
Cytoplasm_Texture_SumAverage_Actin_3_03_256,0.6655713646258348,Cytoplasm,Texture,Actin
Cytoplasm_Texture_SumAverage_Actin_3_01_256,0.6654646244106536,Cytoplasm,Texture,Actin
Cells_Texture_SumAverage_Actin_3_01_256,0.6634785350141332,Cells,Texture,Actin
Cells_Texture_SumAverage_Actin_3_03_256,0.6633577485946044,Cells,Texture,Actin
Cytoplasm_Intensity_LowerQuartileIntensity_Actin,0.6603706554307707,Cytoplasm,Intensity,Actin
Cytoplasm_Intensity_MedianIntensity_Actin,0.6601997046203991,Cytoplasm,Intensity,Actin
Cells_Intensity_MedianIntensity_Actin,0.6590681796485741,Cells,Intensity,Actin
Cells_Intensity_LowerQuartileIntensity_Actin,0.6569364416145197,Cells,Intensity,Actin
Cytoplasm_Intensity_StdIntensity_Actin,0.6557510418267933,Cytoplasm,Intensity,Actin
Cells_Intensity_StdIntensity_Actin,0.6549494680704743,Cells,Intensity,Actin
Cytoplasm_Intensity_MADIntensity_Actin,0.6312318831536794,Cytoplasm,Intensity,Actin
Cells_Intensity_MADIntensity_Actin,0.6297665357469083,Cells,Intensity,Actin
Nuclei_Texture_Entropy_Actin_3_02_256,0.6232155718438993,Nuclei,Texture,Actin
Nuclei_Texture_Entropy_Actin_3_03_256,0.6229370474144789,Nuclei,Texture,Actin
Nuclei_Texture_Entropy_Actin_3_00_256,0.6227670463728082,Nuclei,Texture,Actin
Nuclei_Texture_Entropy_Actin_3_01_256,0.6215155148163861,Nuclei,Texture,Actin
Cytoplasm_Intensity_MaxIntensity_Actin,0.616924964217937,Cytoplasm,Intensity,Actin
Cells_Intensity_MaxIntensity_Actin,0.6158224412786999,Cells,Intensity,Actin
Nuclei_Texture_SumEntropy_Actin_3_00_256,0.6151897295098121,Nuclei,Texture,Actin
Nuclei_Texture_SumEntropy_Actin_3_02_256,0.614518103895197,Nuclei,Texture,Actin
Nuclei_Texture_SumEntropy_Actin_3_01_256,0.6123390837733863,Nuclei,Texture,Actin
Nuclei_Texture_SumEntropy_Actin_3_03_256,0.6109763355992754,Nuclei,Texture,Actin
Cytoplasm_Intensity_IntegratedIntensityEdge_Actin,0.5973350989048791,Cytoplasm,Intensity,Actin
Nuclei_Texture_DifferenceEntropy_Actin_3_03_256,0.5922563451785342,Nuclei,Texture,Actin
Cytoplasm_Intensity_MeanIntensityEdge_Actin,0.591160825294099,Cytoplasm,Intensity,Actin
Nuclei_Texture_DifferenceEntropy_Actin_3_01_256,0.5898695108791823,Nuclei,Texture,Actin
Nuclei_Texture_DifferenceEntropy_Actin_3_00_256,0.5883234819538794,Nuclei,Texture,Actin
Nuclei_Texture_DifferenceEntropy_Actin_3_02_256,0.5875317448339326,Nuclei,Texture,Actin
Cytoplasm_Intensity_MaxIntensityEdge_Actin,0.5837776833309425,Cytoplasm,Intensity,Actin
Cells_Intensity_MaxIntensityEdge_Actin,0.5806232741963212,Cells,Intensity,Actin
Cells_Intensity_IntegratedIntensityEdge_Actin,0.5776062001164679,Cells,Intensity,Actin
Cells_RadialDistribution_ZernikeMagnitude_Actin_2_0,0.5771649444918159,Cells,RadialDistribution,Actin
Cells_Texture_AngularSecondMoment_Actin_3_00_256,0.5760981423417307,Cells,Texture,Actin
Cells_Texture_AngularSecondMoment_Actin_3_02_256,0.5758021933806124,Cells,Texture,Actin
Cytoplasm_Texture_AngularSecondMoment_Actin_3_00_256,0.5740218707701459,Cytoplasm,Texture,Actin
Cytoplasm_Texture_AngularSecondMoment_Actin_3_02_256,0.5738893773670594,Cytoplasm,Texture,Actin
Cells_Intensity_MeanIntensityEdge_Actin,0.5724451496194922,Cells,Intensity,Actin
Cells_Texture_AngularSecondMoment_Actin_3_03_256,0.5692703131588794,Cells,Texture,Actin
Cells_Texture_AngularSecondMoment_Actin_3_01_256,0.5692674148611444,Cells,Texture,Actin
Nuclei_Texture_AngularSecondMoment_Actin_3_00_256,0.5687317044217907,Nuclei,Texture,Actin
Nuclei_Texture_AngularSecondMoment_Actin_3_02_256,0.5675476716383627,Nuclei,Texture,Actin
Cytoplasm_Texture_AngularSecondMoment_Actin_3_03_256,0.567133373652345,Cytoplasm,Texture,Actin
Cytoplasm_Texture_AngularSecondMoment_Actin_3_01_256,0.5665531283279841,Cytoplasm,Texture,Actin
Cytoplasm_RadialDistribution_ZernikeMagnitude_Actin_2_0,0.5660656265779445,Cytoplasm,RadialDistribution,Actin
Nuclei_Texture_AngularSecondMoment_Actin_3_03_256,0.565569660053194,Nuclei,Texture,Actin
Nuclei_Texture_AngularSecondMoment_Actin_3_01_256,0.5653257484815749,Nuclei,Texture,Actin
Nuclei_Intensity_MeanIntensityEdge_Actin,0.5574158421486554,Nuclei,Intensity,Actin
Cytoplasm_RadialDistribution_ZernikeMagnitude_Actin_2_2,0.5500310758378025,Cytoplasm,RadialDistribution,Actin
Nuclei_Texture_DifferenceVariance_Actin_3_00_256,0.5498432951144568,Nuclei,Texture,Actin
Nuclei_Texture_DifferenceVariance_Actin_3_02_256,0.5495847323855766,Nuclei,Texture,Actin
Cells_RadialDistribution_ZernikeMagnitude_Actin_2_2,0.5490503021929356,Cells,RadialDistribution,Actin
Nuclei_RadialDistribution_ZernikeMagnitude_Actin_0_0,0.5451784300472882,Nuclei,RadialDistribution,Actin
Nuclei_Intensity_MeanIntensity_Actin,0.5451422871780639,Nuclei,Intensity,Actin
Nuclei_Intensity_MedianIntensity_Actin,0.5436278023706568,Nuclei,Intensity,Actin
Nuclei_Texture_DifferenceVariance_Actin_3_01_256,0.5423124446383544,Nuclei,Texture,Actin
Nuclei_Texture_DifferenceVariance_Actin_3_03_256,0.5415883614943313,Nuclei,Texture,Actin
Cytoplasm_Intensity_StdIntensityEdge_Actin,0.5398960329897817,Cytoplasm,Intensity,Actin
Nuclei_Intensity_LowerQuartileIntensity_Actin,0.534480305092783,Nuclei,Intensity,Actin
Nuclei_Intensity_UpperQuartileIntensity_Actin,0.5344625707186568,Nuclei,Intensity,Actin
Nuclei_Texture_InverseDifferenceMoment_Actin_3_03_256,0.526404834003403,Nuclei,Texture,Actin
Nuclei_Texture_InverseDifferenceMoment_Actin_3_01_256,0.5245006053727924,Nuclei,Texture,Actin
Nuclei_Texture_InfoMeas2_Actin_3_02_256,0.5240791868238747,Nuclei,Texture,Actin
Nuclei_Intensity_IntegratedIntensityEdge_Actin,0.5211482400685242,Nuclei,Intensity,Actin
Nuclei_Texture_SumAverage_Actin_3_02_256,0.5192251978560752,Nuclei,Texture,Actin
Nuclei_Texture_SumAverage_Actin_3_00_256,0.5183037872283157,Nuclei,Texture,Actin
Nuclei_Texture_SumAverage_Actin_3_03_256,0.5173589244029928,Nuclei,Texture,Actin
Nuclei_Texture_InfoMeas2_Actin_3_00_256,0.5172393750864953,Nuclei,Texture,Actin
Nuclei_Texture_SumAverage_Actin_3_01_256,0.5168230257864039,Nuclei,Texture,Actin
Cytoplasm_RadialDistribution_ZernikeMagnitude_Actin_4_2,0.5161088740906212,Cytoplasm,RadialDistribution,Actin
Cells_RadialDistribution_ZernikeMagnitude_Actin_4_4,0.5117158952058901,Cells,RadialDistribution,Actin
Cells_RadialDistribution_ZernikeMagnitude_Actin_4_2,0.5112126685839623,Cells,RadialDistribution,Actin
Cells_Texture_DifferenceVariance_Actin_3_00_256,0.5103919572564858,Cells,Texture,Actin
Cells_Texture_DifferenceVariance_Actin_3_02_256,0.5089387894952739,Cells,Texture,Actin
Cytoplasm_RadialDistribution_ZernikeMagnitude_Actin_4_4,0.5084662315370397,Cytoplasm,RadialDistribution,Actin
Cytoplasm_Texture_DifferenceVariance_Actin_3_00_256,0.5081097978457783,Cytoplasm,Texture,Actin
Cytoplasm_Texture_DifferenceVariance_Actin_3_02_256,0.5076860843823403,Cytoplasm,Texture,Actin
Cells_Intensity_StdIntensityEdge_Actin,0.5053992922362444,Cells,Intensity,Actin
Nuclei_Texture_InfoMeas2_Actin_3_03_256,0.5037845227439153,Nuclei,Texture,Actin
Nuclei_Texture_InverseDifferenceMoment_Actin_3_00_256,0.5027332107917944,Nuclei,Texture,Actin
Nuclei_Texture_InverseDifferenceMoment_Actin_3_02_256,0.5020177031347098,Nuclei,Texture,Actin
Cells_Texture_DifferenceVariance_Actin_3_01_256,0.4983953524348577,Cells,Texture,Actin
Nuclei_Texture_InfoMeas2_Actin_3_01_256,0.4982788911312583,Nuclei,Texture,Actin
Cells_Texture_DifferenceVariance_Actin_3_03_256,0.4982312615699612,Cells,Texture,Actin
Cytoplasm_Texture_DifferenceVariance_Actin_3_01_256,0.49658703176039504,Cytoplasm,Texture,Actin
Cytoplasm_Texture_DifferenceVariance_Actin_3_03_256,0.49652627276140315,Cytoplasm,Texture,Actin
Cells_RadialDistribution_ZernikeMagnitude_Actin_6_6,0.4882002965911096,Cells,RadialDistribution,Actin
Cytoplasm_RadialDistribution_ZernikeMagnitude_Actin_6_4,0.48474041186564437,Cytoplasm,RadialDistribution,Actin
Cells_RadialDistribution_ZernikeMagnitude_Actin_6_4,0.4846588702708739,Cells,RadialDistribution,Actin
Cytoplasm_RadialDistribution_ZernikeMagnitude_Actin_6_6,0.4832727894360301,Cytoplasm,RadialDistribution,Actin
Cytoplasm_RadialDistribution_ZernikeMagnitude_Actin_1_1,0.47238480407016786,Cytoplasm,RadialDistribution,Actin
Cells_RadialDistribution_ZernikeMagnitude_Actin_1_1,0.46864646920758735,Cells,RadialDistribution,Actin
Nuclei_Intensity_IntegratedIntensity_Actin,0.4673234173755014,Nuclei,Intensity,Actin
Cells_RadialDistribution_ZernikeMagnitude_Actin_8_8,0.46728894029913626,Cells,RadialDistribution,Actin
Nuclei_Intensity_MaxIntensityEdge_Actin,0.46489857734733886,Nuclei,Intensity,Actin
Cytoplasm_RadialDistribution_ZernikeMagnitude_Actin_8_8,0.4618096703844529,Cytoplasm,RadialDistribution,Actin
Cells_RadialDistribution_ZernikeMagnitude_Actin_8_6,0.46021792750149854,Cells,RadialDistribution,Actin
Cytoplasm_Intensity_MinIntensity_Actin,0.45977422139836893,Cytoplasm,Intensity,Actin
Cytoplasm_Texture_Variance_Actin_3_02_256,0.4580068475269925,Cytoplasm,Texture,Actin
Cytoplasm_RadialDistribution_ZernikeMagnitude_Actin_5_3,0.4575778215925088,Cytoplasm,RadialDistribution,Actin
Cytoplasm_Texture_Variance_Actin_3_00_256,0.45728625598609274,Cytoplasm,Texture,Actin
Nuclei_Correlation_K_Mito_Actin,0.4569175113025103,Nuclei,Correlation,Multiple channels
Cells_Texture_Variance_Actin_3_00_256,0.45675061014000173,Cells,Texture,Actin
Cytoplasm_RadialDistribution_ZernikeMagnitude_Actin_8_6,0.45658655046574564,Cytoplasm,RadialDistribution,Actin
Cells_Texture_Variance_Actin_3_02_256,0.45625283668339417,Cells,Texture,Actin
Nuclei_Intensity_MaxIntensity_Actin,0.45603862491909114,Nuclei,Intensity,Actin
Cells_Intensity_MinIntensity_Actin,0.45564043804153,Cells,Intensity,Actin
Cells_Texture_InfoMeas2_Actin_3_02_256,0.45477273196345025,Cells,Texture,Actin
Cytoplasm_RadialDistribution_ZernikeMagnitude_Actin_3_1,0.4542670388456485,Cytoplasm,RadialDistribution,Actin
Cells_Intensity_IntegratedIntensity_Actin,0.45395332631751056,Cells,Intensity,Actin
Cells_RadialDistribution_ZernikeMagnitude_Actin_5_3,0.45357408256325094,Cells,RadialDistribution,Actin
Cytoplasm_Texture_Variance_Actin_3_03_256,0.4523989781935894,Cytoplasm,Texture,Actin
Cytoplasm_Texture_Variance_Actin_3_01_256,0.45122456170028474,Cytoplasm,Texture,Actin
Cells_Texture_Variance_Actin_3_03_256,0.4505286613799111,Cells,Texture,Actin
Cells_RadialDistribution_ZernikeMagnitude_Actin_7_5,0.45039455232835496,Cells,RadialDistribution,Actin
Cytoplasm_RadialDistribution_ZernikeMagnitude_Actin_7_5,0.45028707115655703,Cytoplasm,RadialDistribution,Actin
Cells_Texture_InfoMeas2_Actin_3_00_256,0.44995517771630134,Cells,Texture,Actin
Cells_Texture_Variance_Actin_3_01_256,0.44985034081316394,Cells,Texture,Actin
Cells_RadialDistribution_ZernikeMagnitude_Actin_3_1,0.44906470279972205,Cells,RadialDistribution,Actin
Cytoplasm_RadialDistribution_ZernikeMagnitude_Actin_3_3,0.448419747046657,Cytoplasm,RadialDistribution,Actin
Cytoplasm_Intensity_IntegratedIntensity_Actin,0.44800380294586134,Cytoplasm,Intensity,Actin
Cytoplasm_Texture_InfoMeas2_Actin_3_02_256,0.4472954729635271,Cytoplasm,Texture,Actin
Nuclei_Intensity_MinIntensityEdge_Actin,0.4471509236604847,Nuclei,Intensity,Actin
Cells_RadialDistribution_ZernikeMagnitude_Actin_3_3,0.4466968403526132,Cells,RadialDistribution,Actin
Nuclei_Intensity_MADIntensity_Actin,0.44661394623253214,Nuclei,Intensity,Actin
Cells_Texture_InfoMeas2_Actin_3_03_256,0.4447360314255524,Cells,Texture,Actin
Cytoplasm_RadialDistribution_ZernikeMagnitude_Actin_8_4,0.444432843592428,Cytoplasm,RadialDistribution,Actin
Cytoplasm_Texture_InfoMeas2_Actin_3_00_256,0.44404241741067557,Cytoplasm,Texture,Actin
Cytoplasm_RadialDistribution_ZernikeMagnitude_Actin_6_2,0.44301028049083024,Cytoplasm,RadialDistribution,Actin
Cells_RadialDistribution_ZernikeMagnitude_Actin_8_4,0.4415262787417204,Cells,RadialDistribution,Actin
Cells_Texture_InfoMeas2_Actin_3_01_256,0.4409379764906627,Cells,Texture,Actin
Cells_RadialDistribution_ZernikeMagnitude_Actin_9_7,0.4408970995150706,Cells,RadialDistribution,Actin
Cytoplasm_RadialDistribution_ZernikeMagnitude_Actin_5_1,0.44010017608281493,Cytoplasm,RadialDistribution,Actin
Cytoplasm_RadialDistribution_ZernikeMagnitude_Actin_7_3,0.44006442082711905,Cytoplasm,RadialDistribution,Actin
Cytoplasm_RadialDistribution_ZernikeMagnitude_Actin_9_7,0.43871741485339144,Cytoplasm,RadialDistribution,Actin
Cells_RadialDistribution_ZernikeMagnitude_Actin_5_5,0.438310879957852,Cells,RadialDistribution,Actin
Cytoplasm_Texture_InfoMeas2_Actin_3_03_256,0.4380192895941454,Cytoplasm,Texture,Actin
Nuclei_Intensity_MinIntensity_Actin,0.4371821208707296,Nuclei,Intensity,Actin
Cytoplasm_RadialDistribution_ZernikeMagnitude_Actin_5_5,0.43709778188702697,Cytoplasm,RadialDistribution,Actin
Cytoplasm_Texture_SumVariance_Actin_3_02_256,0.43652908925485195,Cytoplasm,Texture,Actin
Cells_RadialDistribution_ZernikeMagnitude_Actin_9_5,0.43635234756313124,Cells,RadialDistribution,Actin
Cytoplasm_RadialDistribution_ZernikeMagnitude_Actin_9_3,0.435917450935743,Cytoplasm,RadialDistribution,Actin
Cytoplasm_Texture_SumVariance_Actin_3_00_256,0.4358024526153939,Cytoplasm,Texture,Actin
Cells_Texture_SumVariance_Actin_3_02_256,0.4353044956547412,Cells,Texture,Actin
Cells_RadialDistribution_ZernikeMagnitude_Actin_7_3,0.43452968635207306,Cells,RadialDistribution,Actin
Nuclei_RadialDistribution_ZernikeMagnitude_Actin_4_0,0.43421811369018626,Nuclei,RadialDistribution,Actin
Cells_Texture_SumVariance_Actin_3_00_256,0.43371365362152464,Cells,Texture,Actin
Cells_RadialDistribution_ZernikeMagnitude_Actin_6_2,0.43341943428625357,Cells,RadialDistribution,Actin
Cytoplasm_Texture_InfoMeas2_Actin_3_01_256,0.4327874077201339,Cytoplasm,Texture,Actin
Cytoplasm_RadialDistribution_ZernikeMagnitude_Actin_9_5,0.43085068569314783,Cytoplasm,RadialDistribution,Actin
Nuclei_Correlation_K_DNA_Actin,0.4299901421027246,Nuclei,Correlation,Multiple channels
Cytoplasm_Texture_SumVariance_Actin_3_01_256,0.42888298383555035,Cytoplasm,Texture,Actin
Nuclei_Correlation_K_ER_Actin,0.42875003539964895,Nuclei,Correlation,Multiple channels
Cells_Texture_Contrast_Actin_3_03_256,0.42864654639407423,Cells,Texture,Actin
Cells_RadialDistribution_ZernikeMagnitude_Actin_9_3,0.42846186071845,Cells,RadialDistribution,Actin
Cytoplasm_RadialDistribution_ZernikeMagnitude_Actin_7_1,0.42789203076135307,Cytoplasm,RadialDistribution,Actin
Cells_RadialDistribution_ZernikeMagnitude_Actin_7_7,0.4277968588370505,Cells,RadialDistribution,Actin
Cells_Texture_Contrast_Actin_3_02_256,0.42607961142022216,Cells,Texture,Actin
Cells_Texture_SumVariance_Actin_3_01_256,0.42601257331157877,Cells,Texture,Actin
Cytoplasm_RadialDistribution_ZernikeMagnitude_Actin_8_2,0.42593173169039616,Cytoplasm,RadialDistribution,Actin
Cytoplasm_Texture_Contrast_Actin_3_03_256,0.4249881526500008,Cytoplasm,Texture,Actin
Cells_Texture_Contrast_Actin_3_01_256,0.42494160239847567,Cells,Texture,Actin
Cytoplasm_Texture_SumVariance_Actin_3_03_256,0.4245614142998545,Cytoplasm,Texture,Actin
Cytoplasm_RadialDistribution_ZernikeMagnitude_Actin_7_7,0.423523112146491,Cytoplasm,RadialDistribution,Actin
Cells_Texture_SumVariance_Actin_3_03_256,0.42331114282741544,Cells,Texture,Actin
Cells_Texture_Contrast_Actin_3_00_256,0.42155471239511505,Cells,Texture,Actin
Cells_RadialDistribution_ZernikeMagnitude_Actin_5_1,0.42154422098825545,Cells,RadialDistribution,Actin
Cytoplasm_Texture_Contrast_Actin_3_02_256,0.42126962280126773,Cytoplasm,Texture,Actin
Cytoplasm_Texture_Contrast_Actin_3_01_256,0.42112125686363044,Cytoplasm,Texture,Actin
Cells_RadialDistribution_ZernikeMagnitude_Actin_9_9,0.41950403394579583,Cells,RadialDistribution,Actin
Cytoplasm_RadialDistribution_ZernikeMagnitude_Actin_9_1,0.41914242538501645,Cytoplasm,RadialDistribution,Actin
Cells_Correlation_K_ER_Actin,0.4191273175110054,Cells,Correlation,Multiple channels
Cytoplasm_Texture_Contrast_Actin_3_00_256,0.4177436563128842,Cytoplasm,Texture,Actin
Cytoplasm_RadialDistribution_ZernikeMagnitude_Actin_9_9,0.4170674465298571,Cytoplasm,RadialDistribution,Actin
Cells_RadialDistribution_ZernikeMagnitude_Actin_8_2,0.4162590029389009,Cells,RadialDistribution,Actin
Cytoplasm_Correlation_K_ER_Actin,0.41466010216586874,Cytoplasm,Correlation,Multiple channels
Cells_RadialDistribution_ZernikeMagnitude_Actin_7_1,0.41159814683322893,Cells,RadialDistribution,Actin
Nuclei_Intensity_StdIntensity_Actin,0.41030599337734797,Nuclei,Intensity,Actin
Cells_RadialDistribution_ZernikeMagnitude_Actin_9_1,0.4073995360784157,Cells,RadialDistribution,Actin
Nuclei_Intensity_StdIntensityEdge_Actin,0.40560259394322584,Nuclei,Intensity,Actin
Cytoplasm_Correlation_Costes_Actin_DNA,0.3967045610585652,Cytoplasm,Correlation,Multiple channels
Cells_Correlation_Costes_Actin_DNA,0.39186203638217465,Cells,Correlation,Multiple channels
Nuclei_Correlation_K_PM_Actin,0.38785728088276783,Nuclei,Correlation,Multiple channels
Cells_Correlation_K_Mito_Actin,0.3861045964078354,Cells,Correlation,Multiple channels
Cytoplasm_Correlation_K_Mito_Actin,0.38514856338658304,Cytoplasm,Correlation,Multiple channels
Nuclei_RadialDistribution_ZernikeMagnitude_Actin_8_2,0.3756303443067027,Nuclei,RadialDistribution,Actin
Nuclei_RadialDistribution_ZernikeMagnitude_Actin_2_2,0.37331798260589416,Nuclei,RadialDistribution,Actin
Nuclei_RadialDistribution_ZernikeMagnitude_Actin_6_4,0.36340655778834485,Nuclei,RadialDistribution,Actin
Cytoplasm_Intensity_LowerQuartileIntensity_PM,0.35755057473110136,Cytoplasm,Intensity,PM
Nuclei_RadialDistribution_ZernikeMagnitude_Actin_4_2,0.34484139753047127,Nuclei,RadialDistribution,Actin
Nuclei_RadialDistribution_ZernikeMagnitude_Actin_8_4,0.3437188202592839,Nuclei,RadialDistribution,Actin
Cells_Intensity_LowerQuartileIntensity_PM,0.33685447861842577,Cells,Intensity,PM
Nuclei_RadialDistribution_ZernikeMagnitude_Actin_8_6,0.3367295978256407,Nuclei,RadialDistribution,Actin
Cells_RadialDistribution_ZernikeMagnitude_Actin_6_0,0.3365965648606347,Cells,RadialDistribution,Actin
Cytoplasm_Texture_SumEntropy_PM_3_00_256,0.335799558092214,Cytoplasm,Texture,PM
Cells_RadialDistribution_ZernikeMagnitude_Actin_4_0,0.3357834604124203,Cells,RadialDistribution,Actin
Cytoplasm_RadialDistribution_ZernikeMagnitude_Actin_4_0,0.33566819830556854,Cytoplasm,RadialDistribution,Actin
Cytoplasm_Texture_SumEntropy_PM_3_02_256,0.3352342454584947,Cytoplasm,Texture,PM
Cytoplasm_RadialDistribution_ZernikeMagnitude_Actin_6_0,0.3336734639370444,Cytoplasm,RadialDistribution,Actin
Nuclei_RadialDistribution_ZernikeMagnitude_Actin_2_0,0.33283126107897903,Nuclei,RadialDistribution,Actin
Cytoplasm_Texture_SumEntropy_PM_3_01_256,0.33226838647036894,Cytoplasm,Texture,PM
Cytoplasm_Texture_SumEntropy_PM_3_03_256,0.3321712544450069,Cytoplasm,Texture,PM
Cytoplasm_Correlation_K_Actin_ER,0.33010841709604993,Cytoplasm,Correlation,Multiple channels
Nuclei_RadialDistribution_ZernikeMagnitude_Actin_9_5,0.3297674899953617,Nuclei,RadialDistribution,Actin
Cells_Texture_SumEntropy_PM_3_00_256,0.329124908510505,Cells,Texture,PM
Cells_Texture_SumEntropy_PM_3_02_256,0.32859683236637205,Cells,Texture,PM
Cells_Texture_SumEntropy_PM_3_01_256,0.32613502424810115,Cells,Texture,PM
Cytoplasm_Texture_Entropy_PM_3_00_256,0.32584255160431963,Cytoplasm,Texture,PM
Nuclei_RadialDistribution_ZernikeMagnitude_Actin_9_3,0.3257972581055914,Nuclei,RadialDistribution,Actin
Cytoplasm_Texture_Entropy_PM_3_02_256,0.32511785728903425,Cytoplasm,Texture,PM
Cells_Texture_SumEntropy_PM_3_03_256,0.3250631437226341,Cells,Texture,PM
Cytoplasm_Correlation_K_DNA_Actin,0.32407372075671004,Cytoplasm,Correlation,Multiple channels
Cells_RadialDistribution_ZernikeMagnitude_Actin_8_0,0.32396633823501464,Cells,RadialDistribution,Actin
Cells_Correlation_K_PM_Actin,0.32333087198480415,Cells,Correlation,Multiple channels
Cytoplasm_Intensity_IntegratedIntensityEdge_PM,0.3227124331312743,Cytoplasm,Intensity,PM
Cytoplasm_Texture_AngularSecondMoment_PM_3_02_256,0.3225017928123273,Cytoplasm,Texture,PM
Cytoplasm_Texture_AngularSecondMoment_PM_3_00_256,0.3224865591555884,Cytoplasm,Texture,PM
Cytoplasm_Texture_Entropy_PM_3_01_256,0.3222738537849152,Cytoplasm,Texture,PM
Nuclei_RadialDistribution_ZernikeMagnitude_Actin_9_7,0.3214214021779738,Nuclei,RadialDistribution,Actin
Cells_Correlation_K_Actin_ER,0.32072365762676724,Cells,Correlation,Multiple channels
Cytoplasm_Correlation_K_PM_Actin,0.3203989482799672,Cytoplasm,Correlation,Multiple channels
Cells_Texture_Entropy_PM_3_02_256,0.3199522452177334,Cells,Texture,PM
Cytoplasm_Texture_Entropy_PM_3_03_256,0.319735835405052,Cytoplasm,Texture,PM
Cells_Texture_Entropy_PM_3_00_256,0.31920490691264064,Cells,Texture,PM
Nuclei_Correlation_K_Actin_DNA,0.31735768931418956,Nuclei,Correlation,Multiple channels
Cytoplasm_RadialDistribution_ZernikeMagnitude_Actin_8_0,0.317020894811882,Cytoplasm,RadialDistribution,Actin
Cytoplasm_Texture_AngularSecondMoment_PM_3_01_256,0.31590994400462785,Cytoplasm,Texture,PM
Cytoplasm_Texture_AngularSecondMoment_PM_3_03_256,0.315883150876855,Cytoplasm,Texture,PM
Nuclei_RadialDistribution_ZernikeMagnitude_Actin_7_1,0.3156632156849361,Nuclei,RadialDistribution,Actin
Nuclei_RadialDistribution_ZernikeMagnitude_Actin_7_5,0.3137402071935068,Nuclei,RadialDistribution,Actin
Cells_Texture_Entropy_PM_3_01_256,0.313454889311151,Cells,Texture,PM
Nuclei_RadialDistribution_ZernikeMagnitude_Actin_9_1,0.31340377692383725,Nuclei,RadialDistribution,Actin
Cells_Texture_Entropy_PM_3_03_256,0.3132685123104893,Cells,Texture,PM
Nuclei_RadialDistribution_ZernikeMagnitude_Actin_7_3,0.31273105541815543,Nuclei,RadialDistribution,Actin
Cells_Correlation_K_Actin_DNA,0.31168241893078286,Cells,Correlation,Multiple channels
Cells_Texture_AngularSecondMoment_PM_3_00_256,0.31005386361873266,Cells,Texture,PM
Nuclei_RadialDistribution_ZernikeMagnitude_Actin_6_0,0.3089659753375949,Nuclei,RadialDistribution,Actin
Cells_Texture_AngularSecondMoment_PM_3_02_256,0.3082976242711731,Cells,Texture,PM
Nuclei_Intensity_MeanIntensityEdge_PM,0.30688188502128727,Nuclei,Intensity,PM
Cells_Texture_AngularSecondMoment_PM_3_01_256,0.303435719570795,Cells,Texture,PM
Nuclei_RadialDistribution_ZernikeMagnitude_Actin_9_9,0.3025117899213275,Nuclei,RadialDistribution,Actin
Cells_Texture_AngularSecondMoment_PM_3_03_256,0.30239856026041273,Cells,Texture,PM
Nuclei_RadialDistribution_ZernikeMagnitude_Actin_1_1,0.30056691531904656,Nuclei,RadialDistribution,Actin
Nuclei_RadialDistribution_ZernikeMagnitude_Actin_5_5,0.299815501466952,Nuclei,RadialDistribution,Actin
Nuclei_RadialDistribution_ZernikeMagnitude_Actin_7_7,0.2985911960735889,Nuclei,RadialDistribution,Actin
Cytoplasm_Texture_DifferenceEntropy_PM_3_00_256,0.2975212220772265,Cytoplasm,Texture,PM
Nuclei_RadialDistribution_ZernikeMagnitude_Actin_6_2,0.29719925650423373,Nuclei,RadialDistribution,Actin
Nuclei_RadialDistribution_ZernikeMagnitude_Actin_3_3,0.296492073738876,Nuclei,RadialDistribution,Actin
Cells_Texture_DifferenceEntropy_PM_3_00_256,0.29466818202478073,Cells,Texture,PM
Cytoplasm_RadialDistribution_ZernikeMagnitude_PM_0_0,0.29423567296521297,Cytoplasm,RadialDistribution,PM
Cytoplasm_Intensity_MeanIntensity_PM,0.2942278314296876,Cytoplasm,Intensity,PM
Nuclei_Intensity_IntegratedIntensityEdge_PM,0.29266400086530653,Nuclei,Intensity,PM
Cytoplasm_Texture_DifferenceEntropy_PM_3_02_256,0.2926598643190048,Cytoplasm,Texture,PM
Nuclei_Correlation_K_PM_DNA,0.2915218777950335,Nuclei,Correlation,Multiple channels
Nuclei_Correlation_K_PM_Mito,0.29025413860108057,Nuclei,Correlation,Multiple channels
Cells_Texture_DifferenceEntropy_PM_3_02_256,0.29003778240769357,Cells,Texture,PM
Cytoplasm_Texture_InverseDifferenceMoment_PM_3_00_256,0.28788586812698364,Cytoplasm,Texture,PM
Nuclei_RadialDistribution_ZernikeMagnitude_Actin_5_3,0.2875603674706169,Nuclei,RadialDistribution,Actin
Cytoplasm_Texture_InverseDifferenceMoment_PM_3_02_256,0.28732757497120043,Cytoplasm,Texture,PM
Cells_Texture_InverseDifferenceMoment_PM_3_00_256,0.28730874379960675,Cells,Texture,PM
Cytoplasm_Texture_DifferenceEntropy_PM_3_01_256,0.28641376487028797,Cytoplasm,Texture,PM
Nuclei_Texture_InfoMeas1_Actin_3_02_256,0.28640848513140715,Nuclei,Texture,Actin
Cytoplasm_Correlation_K_PM_ER,0.2862179837859438,Cytoplasm,Correlation,Multiple channels
Cells_Texture_InverseDifferenceMoment_PM_3_02_256,0.2861223339479665,Cells,Texture,PM
Cytoplasm_Intensity_MedianIntensity_PM,0.28604207306523716,Cytoplasm,Intensity,PM
Nuclei_RadialDistribution_ZernikeMagnitude_Actin_5_1,0.2854528104649576,Nuclei,RadialDistribution,Actin
Nuclei_Texture_DifferenceVariance_PM_3_00_256,0.2849695045698977,Nuclei,Texture,PM
Cells_Texture_DifferenceEntropy_PM_3_01_256,0.28456955199097567,Cells,Texture,PM
Cytoplasm_Correlation_K_PM_Mito,0.2842847921999294,Cytoplasm,Correlation,Multiple channels
Cytoplasm_Texture_DifferenceEntropy_PM_3_03_256,0.28405163550843565,Cytoplasm,Texture,PM
Nuclei_Intensity_MinIntensity_PM,0.2839148684337189,Nuclei,Intensity,PM
Nuclei_Texture_DifferenceVariance_PM_3_02_256,0.283377494917789,Nuclei,Texture,PM
Nuclei_Correlation_K_Actin_Mito,0.28254994681138995,Nuclei,Correlation,Multiple channels
Cells_Texture_DifferenceEntropy_PM_3_03_256,0.28250750968877075,Cells,Texture,PM
Cells_Correlation_K_PM_ER,0.28186825039999897,Cells,Correlation,Multiple channels
Cytoplasm_Correlation_K_Actin_Mito,0.2818677517690821,Cytoplasm,Correlation,Multiple channels
Cytoplasm_Texture_InverseDifferenceMoment_PM_3_01_256,0.28156209355596085,Cytoplasm,Texture,PM
Cells_Texture_InverseDifferenceMoment_PM_3_01_256,0.2813860095142633,Cells,Texture,PM
Cytoplasm_Texture_InverseDifferenceMoment_PM_3_03_256,0.28102970867711463,Cytoplasm,Texture,PM
Nuclei_Correlation_K_Actin_ER,0.27997998943011665,Nuclei,Correlation,Multiple channels
Nuclei_Intensity_LowerQuartileIntensity_PM,0.2799560632103632,Nuclei,Intensity,PM
Nuclei_Texture_InfoMeas1_Actin_3_00_256,0.27911377146375893,Nuclei,Texture,Actin
Nuclei_Texture_DifferenceVariance_PM_3_01_256,0.27810079183365705,Nuclei,Texture,PM
Cells_Texture_InverseDifferenceMoment_PM_3_03_256,0.2780457678710598,Cells,Texture,PM
Cells_Correlation_K_PM_Mito,0.27757828478646196,Cells,Correlation,Multiple channels
Cells_Intensity_IntegratedIntensityEdge_PM,0.2769731913406491,Cells,Intensity,PM
Cells_RadialDistribution_ZernikeMagnitude_PM_0_0,0.2767656793882519,Cells,RadialDistribution,PM
Cells_Intensity_MeanIntensity_PM,0.2767629068811399,Cells,Intensity,PM
Nuclei_Texture_DifferenceVariance_PM_3_03_256,0.27675024100308876,Nuclei,Texture,PM
Cells_Correlation_K_Actin_Mito,0.2757401636244468,Cells,Correlation,Multiple channels
Cytoplasm_Texture_DifferenceVariance_PM_3_00_256,0.2752876858115614,Cytoplasm,Texture,PM
Cells_Correlation_K_DNA_Actin,0.27473141886895447,Cells,Correlation,Multiple channels
Cytoplasm_Texture_DifferenceVariance_PM_3_02_256,0.27397719527102715,Cytoplasm,Texture,PM
Nuclei_Intensity_MinIntensityEdge_PM,0.2734028821269545,Nuclei,Intensity,PM
Cells_Texture_DifferenceVariance_PM_3_00_256,0.2730072909144669,Cells,Texture,PM
Nuclei_RadialDistribution_ZernikeMagnitude_Actin_4_4,0.27207476168053446,Nuclei,RadialDistribution,Actin
Cells_Texture_DifferenceVariance_PM_3_02_256,0.27206388427738926,Cells,Texture,PM
Nuclei_RadialDistribution_ZernikeMagnitude_Actin_8_0,0.27124187381140874,Nuclei,RadialDistribution,Actin
Cytoplasm_Texture_DifferenceVariance_PM_3_03_256,0.27047586321630795,Cytoplasm,Texture,PM
Cytoplasm_Texture_DifferenceVariance_PM_3_01_256,0.27006107352177106,Cytoplasm,Texture,PM
Cells_Texture_DifferenceVariance_PM_3_01_256,0.2686130944108337,Cells,Texture,PM
Cells_Texture_DifferenceVariance_PM_3_03_256,0.2679627050533129,Cells,Texture,PM
Nuclei_RadialDistribution_ZernikeMagnitude_Actin_8_8,0.26796162449425265,Nuclei,RadialDistribution,Actin
Nuclei_RadialDistribution_ZernikeMagnitude_Actin_6_6,0.2670430090766485,Nuclei,RadialDistribution,Actin
Cytoplasm_Intensity_MeanIntensityEdge_PM,0.26693513886946535,Cytoplasm,Intensity,PM
Cytoplasm_RadialDistribution_ZernikeMagnitude_PM_2_0,0.2647349450939159,Cytoplasm,RadialDistribution,PM
Nuclei_Correlation_K_PM_ER,0.2621111949445617,Nuclei,Correlation,Multiple channels
Cytoplasm_Texture_SumAverage_PM_3_00_256,0.25914244016882454,Cytoplasm,Texture,PM
Cells_Intensity_MedianIntensity_PM,0.25913131798662775,Cells,Intensity,PM
Cytoplasm_Texture_SumAverage_PM_3_02_256,0.25875896002480253,Cytoplasm,Texture,PM
Cytoplasm_Texture_SumAverage_PM_3_03_256,0.25751549617535363,Cytoplasm,Texture,PM
Cytoplasm_Texture_SumAverage_PM_3_01_256,0.2560846986195636,Cytoplasm,Texture,PM
Nuclei_RadialDistribution_ZernikeMagnitude_Actin_3_1,0.2560717838012858,Nuclei,RadialDistribution,Actin
Nuclei_Texture_DifferenceEntropy_PM_3_00_256,0.2552825898994332,Nuclei,Texture,PM
Nuclei_Texture_DifferenceEntropy_PM_3_02_256,0.25479092814853194,Nuclei,Texture,PM
Cells_Intensity_MeanIntensityEdge_PM,0.2530979017798147,Cells,Intensity,PM
Nuclei_Correlation_K_Actin_PM,0.2525209334310328,Nuclei,Correlation,Multiple channels
Nuclei_Texture_DifferenceEntropy_PM_3_03_256,0.2521024457396843,Nuclei,Texture,PM
Nuclei_Texture_DifferenceEntropy_PM_3_01_256,0.25162105282244496,Nuclei,Texture,PM
Cells_RadialDistribution_ZernikeMagnitude_PM_2_0,0.2501178893405989,Cells,RadialDistribution,PM
Nuclei_Texture_InverseDifferenceMoment_PM_3_00_256,0.2488770190112223,Nuclei,Texture,PM
Cells_Intensity_IntegratedIntensity_PM,0.24866635582035782,Cells,Intensity,PM
Nuclei_Intensity_MeanIntensity_PM,0.2482526101960804,Nuclei,Intensity,PM
Nuclei_RadialDistribution_ZernikeMagnitude_PM_0_0,0.2478605977486971,Nuclei,RadialDistribution,PM
Cells_Texture_Correlation_Actin_3_02_256,0.24634789083952732,Cells,Texture,Actin
Nuclei_Texture_InverseDifferenceMoment_PM_3_03_256,0.24619410065942404,Nuclei,Texture,PM
Nuclei_Texture_InverseDifferenceMoment_PM_3_02_256,0.24596495885115266,Nuclei,Texture,PM
Cells_Texture_SumAverage_PM_3_00_256,0.24553968597472342,Cells,Texture,PM
Cells_Texture_SumAverage_PM_3_02_256,0.24538398723469096,Cells,Texture,PM
Cytoplasm_Intensity_UpperQuartileIntensity_PM,0.24513444654813585,Cytoplasm,Intensity,PM
Nuclei_Texture_InverseDifferenceMoment_PM_3_01_256,0.24451079761487765,Nuclei,Texture,PM
Cells_Texture_SumAverage_PM_3_03_256,0.24415811871864435,Cells,Texture,PM
Cells_Texture_SumAverage_PM_3_01_256,0.2438229179194566,Cells,Texture,PM
Nuclei_Texture_InfoMeas1_Actin_3_03_256,0.24335607649699253,Nuclei,Texture,Actin
Nuclei_Intensity_MedianIntensity_PM,0.24182736784802425,Nuclei,Intensity,PM
Nuclei_Texture_SumAverage_PM_3_00_256,0.24141520248133444,Nuclei,Texture,PM
Nuclei_Texture_SumAverage_PM_3_02_256,0.24089672074132948,Nuclei,Texture,PM
Cells_Texture_Correlation_Actin_3_00_256,0.24068897150029558,Cells,Texture,Actin
Nuclei_Texture_InfoMeas1_Actin_3_01_256,0.23979354519277638,Nuclei,Texture,Actin
Nuclei_Texture_SumAverage_PM_3_03_256,0.23954975880002127,Nuclei,Texture,PM
Nuclei_Texture_SumAverage_PM_3_01_256,0.23924215874647242,Nuclei,Texture,PM
Cytoplasm_Texture_Correlation_Actin_3_02_256,0.2389214486989682,Cytoplasm,Texture,Actin
Cells_Correlation_K_PM_DNA,0.23839452179531223,Cells,Correlation,Multiple channels
Cytoplasm_Intensity_IntegratedIntensity_PM,0.23719599596277985,Cytoplasm,Intensity,PM
Nuclei_Granularity_1_Actin,0.23655555504184303,Nuclei,Granularity,Actin
Cells_Intensity_UpperQuartileIntensity_PM,0.23600168952400843,Cells,Intensity,PM
Nuclei_Texture_Entropy_PM_3_00_256,0.23595363148987397,Nuclei,Texture,PM
Nuclei_Texture_Entropy_PM_3_02_256,0.23592495582227757,Nuclei,Texture,PM
Cytoplasm_Texture_Correlation_Actin_3_00_256,0.23476113721593064,Cytoplasm,Texture,Actin
Nuclei_Correlation_K_ER_PM,0.23462323416037995,Nuclei,Correlation,Multiple channels
Nuclei_Texture_Entropy_PM_3_03_256,0.23441389200780222,Nuclei,Texture,PM
Nuclei_Texture_Entropy_PM_3_01_256,0.23428323973865822,Nuclei,Texture,PM
Nuclei_Correlation_K_Mito_PM,0.22763612950646617,Nuclei,Correlation,Multiple channels
Cells_Texture_Correlation_Actin_3_03_256,0.22593134336191806,Cells,Texture,Actin
Nuclei_Intensity_IntegratedIntensity_PM,0.2256675828299402,Nuclei,Intensity,PM
Nuclei_Intensity_MaxIntensityEdge_PM,0.2250417895626695,Nuclei,Intensity,PM
Cells_Granularity_1_Actin,0.22249411087535054,Cells,Granularity,Actin
Cytoplasm_Intensity_StdIntensity_PM,0.2224064295896103,Cytoplasm,Intensity,PM
Nuclei_Texture_SumEntropy_PM_3_00_256,0.2217163596526671,Nuclei,Texture,PM
Nuclei_Texture_SumEntropy_PM_3_02_256,0.22168750229842374,Nuclei,Texture,PM
Cells_Texture_Correlation_Actin_3_01_256,0.22088602465185594,Cells,Texture,Actin
Cytoplasm_Intensity_StdIntensityEdge_PM,0.21925645852907738,Cytoplasm,Intensity,PM
Nuclei_Texture_SumEntropy_PM_3_01_256,0.21742854084972088,Nuclei,Texture,PM
Nuclei_Texture_SumEntropy_PM_3_03_256,0.21725920900205728,Nuclei,Texture,PM
Cytoplasm_Texture_Correlation_Actin_3_03_256,0.21700051603803794,Cytoplasm,Texture,Actin
Cytoplasm_Granularity_1_Actin,0.21696751027924505,Cytoplasm,Granularity,Actin
Nuclei_Correlation_RWC_Actin_DNA,0.21421082892020787,Nuclei,Correlation,Multiple channels
Nuclei_Intensity_UpperQuartileIntensity_PM,0.21349188553257253,Nuclei,Intensity,PM
Cells_Texture_InfoMeas1_PM_3_00_256,0.21323422107475912,Cells,Texture,PM
Cytoplasm_Texture_Correlation_Actin_3_01_256,0.21261681266401053,Cytoplasm,Texture,Actin
Nuclei_Texture_AngularSecondMoment_PM_3_00_256,0.2103485192856739,Nuclei,Texture,PM
Cells_Intensity_StdIntensity_PM,0.21016763094685495,Cells,Intensity,PM
Nuclei_Intensity_MaxIntensity_PM,0.20976305943892165,Nuclei,Intensity,PM
Nuclei_Texture_AngularSecondMoment_PM_3_02_256,0.20950255678516383,Nuclei,Texture,PM
Cells_Texture_InfoMeas1_PM_3_02_256,0.20845685055014856,Cells,Texture,PM
Nuclei_Texture_AngularSecondMoment_PM_3_03_256,0.20609017144750752,Nuclei,Texture,PM
Nuclei_Texture_AngularSecondMoment_PM_3_01_256,0.2057654385141663,Nuclei,Texture,PM
Cytoplasm_Texture_InfoMeas2_PM_3_02_256,0.20438128742936315,Cytoplasm,Texture,PM
Cytoplasm_Intensity_MaxIntensityEdge_PM,0.20379553576874615,Cytoplasm,Intensity,PM
Cytoplasm_Intensity_MaxIntensity_PM,0.20307112737530678,Cytoplasm,Intensity,PM
Cells_Texture_InfoMeas2_PM_3_02_256,0.20111590985055164,Cells,Texture,PM
Cytoplasm_Correlation_Costes_Actin_ER,0.20102661130111424,Cytoplasm,Correlation,Multiple channels
Cells_Intensity_MaxIntensity_PM,0.20102010126998998,Cells,Intensity,PM
Cytoplasm_Texture_InfoMeas2_PM_3_00_256,0.2007183982709144,Cytoplasm,Texture,PM
Cells_Texture_InfoMeas2_PM_3_00_256,0.20058502006851253,Cells,Texture,PM
Cells_Texture_InfoMeas1_PM_3_01_256,0.198098258510049,Cells,Texture,PM
Cells_Correlation_Costes_Actin_ER,0.19748031393625193,Cells,Correlation,Multiple channels
Nuclei_Correlation_RWC_DNA_Actin,0.19697865517739488,Nuclei,Correlation,Multiple channels
Cells_Correlation_K_Actin_PM,0.19662894295093747,Cells,Correlation,Multiple channels
Cytoplasm_Correlation_Correlation_Actin_ER,0.19497411804063647,Cytoplasm,Correlation,Multiple channels
Cells_Correlation_Correlation_Actin_ER,0.19479696484332704,Cells,Correlation,Multiple channels
Cytoplasm_Correlation_K_DNA_PM,0.19445279304438606,Cytoplasm,Correlation,Multiple channels
Nuclei_Texture_Contrast_Actin_3_02_256,0.1937425431143207,Nuclei,Texture,Actin
Cytoplasm_RadialDistribution_ZernikeMagnitude_PM_3_1,0.19345588661968263,Cytoplasm,RadialDistribution,PM
Cytoplasm_Correlation_K_Actin_PM,0.19264453696852052,Cytoplasm,Correlation,Multiple channels
Cells_Texture_InfoMeas1_PM_3_03_256,0.19186152083328883,Cells,Texture,PM
Nuclei_Correlation_K_DNA_PM,0.18964890744691396,Nuclei,Correlation,Multiple channels
Cytoplasm_Texture_InfoMeas1_PM_3_00_256,0.18958705192534797,Cytoplasm,Texture,PM
Nuclei_Texture_Contrast_Actin_3_00_256,0.18923902586143307,Nuclei,Texture,Actin
Cytoplasm_Texture_InfoMeas2_PM_3_03_256,0.18790364980197263,Cytoplasm,Texture,PM
Cytoplasm_Texture_InfoMeas2_PM_3_01_256,0.18597207488899836,Cytoplasm,Texture,PM
Cytoplasm_Texture_InfoMeas1_PM_3_02_256,0.18583529220962386,Cytoplasm,Texture,PM
Cells_Texture_InfoMeas2_PM_3_01_256,0.18491935876555807,Cells,Texture,PM
Cells_Texture_InfoMeas2_PM_3_03_256,0.1846547259260728,Cells,Texture,PM
Cytoplasm_Intensity_IntegratedIntensityEdge_ER,0.1840454387233412,Cytoplasm,Intensity,ER
Cells_RadialDistribution_ZernikeMagnitude_PM_3_1,0.1830702104944593,Cells,RadialDistribution,PM
Cytoplasm_Texture_Entropy_Mito_3_01_256,0.17883462415568624,Cytoplasm,Texture,Mito
Cytoplasm_Texture_Entropy_Mito_3_02_256,0.1788125599120402,Cytoplasm,Texture,Mito
Cytoplasm_Texture_InfoMeas1_PM_3_01_256,0.17753632980945683,Cytoplasm,Texture,PM
Cytoplasm_Texture_Entropy_Mito_3_03_256,0.17684849172037156,Cytoplasm,Texture,Mito
Nuclei_Texture_Contrast_Actin_3_03_256,0.17668631791710424,Nuclei,Texture,Actin
Cytoplasm_Correlation_K_ER_PM,0.17618132593278188,Cytoplasm,Correlation,Multiple channels
Cells_Correlation_K_ER_PM,0.1761096067005313,Cells,Correlation,Multiple channels
Cells_Texture_Entropy_Mito_3_01_256,0.1760559889729539,Cells,Texture,Mito
Cytoplasm_Texture_Entropy_Mito_3_00_256,0.1757334112736244,Cytoplasm,Texture,Mito
Cells_Texture_Entropy_Mito_3_02_256,0.17553631954152735,Cells,Texture,Mito
Cells_Texture_Entropy_Mito_3_03_256,0.17488256011114664,Cells,Texture,Mito
Cells_Texture_Entropy_Mito_3_00_256,0.17459917059557126,Cells,Texture,Mito
Cytoplasm_Texture_SumEntropy_Mito_3_03_256,0.17269651935225308,Cytoplasm,Texture,Mito
Nuclei_Texture_Contrast_Actin_3_01_256,0.17251145336563484,Nuclei,Texture,Actin
Cytoplasm_RadialDistribution_ZernikeMagnitude_PM_4_2,0.17206628854912737,Cytoplasm,RadialDistribution,PM
Cytoplasm_Texture_SumEntropy_Mito_3_02_256,0.17184267700772618,Cytoplasm,Texture,Mito
Cytoplasm_Texture_SumEntropy_Mito_3_00_256,0.17182048498349192,Cytoplasm,Texture,Mito
Cytoplasm_Texture_SumEntropy_Mito_3_01_256,0.17165222437701955,Cytoplasm,Texture,Mito
Cytoplasm_Intensity_UpperQuartileIntensity_ER,0.17153092444768808,Cytoplasm,Intensity,ER
Cells_Texture_SumEntropy_Mito_3_02_256,0.17119085252527155,Cells,Texture,Mito
Cells_Texture_SumEntropy_Mito_3_03_256,0.1706374311633067,Cells,Texture,Mito
Cells_Texture_SumEntropy_Mito_3_00_256,0.1703834743587324,Cells,Texture,Mito
Cells_RadialDistribution_ZernikeMagnitude_PM_5_1,0.17036570735230427,Cells,RadialDistribution,PM
Cytoplasm_Texture_InfoMeas1_PM_3_03_256,0.17015471827030942,Cytoplasm,Texture,PM
Cytoplasm_Correlation_K_DNA_ER,0.17003499283345502,Cytoplasm,Correlation,Multiple channels
Cytoplasm_Correlation_Correlation_Actin_PM,0.169985942210763,Cytoplasm,Correlation,Multiple channels
Cells_Correlation_Manders_ER_Actin,0.16997692291477087,Cells,Correlation,Multiple channels
Cytoplasm_RadialDistribution_ZernikeMagnitude_PM_5_1,0.16990657894840683,Cytoplasm,RadialDistribution,PM
Cells_Texture_SumEntropy_Mito_3_01_256,0.1698607237503625,Cells,Texture,Mito
Cells_Correlation_Correlation_Actin_PM,0.1687711630695037,Cells,Correlation,Multiple channels
Cells_Correlation_Manders_DNA_Actin,0.16872716038901062,Cells,Correlation,Multiple channels
Nuclei_RadialDistribution_ZernikeMagnitude_PM_4_0,0.16871570452036597,Nuclei,RadialDistribution,PM
Cytoplasm_RadialDistribution_ZernikeMagnitude_PM_1_1,0.168474644385412,Cytoplasm,RadialDistribution,PM
Cytoplasm_Intensity_MADIntensity_PM,0.16828436798527974,Cytoplasm,Intensity,PM
Nuclei_RadialDistribution_ZernikeMagnitude_PM_8_2,0.16723853775722541,Nuclei,RadialDistribution,PM
Cells_Intensity_StdIntensityEdge_PM,0.16677689264931939,Cells,Intensity,PM
Cells_RadialDistribution_ZernikeMagnitude_PM_4_0,0.16670628812306879,Cells,RadialDistribution,PM
Cytoplasm_Correlation_Manders_ER_Actin,0.1666875904265023,Cytoplasm,Correlation,Multiple channels
Cytoplasm_Intensity_LowerQuartileIntensity_Mito,0.1664163699231986,Cytoplasm,Intensity,Mito
Cells_Texture_InverseDifferenceMoment_Mito_3_01_256,0.16559600380423378,Cells,Texture,Mito
Cytoplasm_Texture_DifferenceEntropy_Mito_3_01_256,0.16548762441614565,Cytoplasm,Texture,Mito
Cells_Texture_DifferenceEntropy_Mito_3_03_256,0.16534971408063168,Cells,Texture,Mito
Cells_Texture_DifferenceEntropy_Mito_3_01_256,0.16509468299369554,Cells,Texture,Mito
Cytoplasm_Texture_DifferenceEntropy_Mito_3_03_256,0.16497174704794956,Cytoplasm,Texture,Mito
Cytoplasm_Texture_DifferenceEntropy_Mito_3_02_256,0.16490259904118815,Cytoplasm,Texture,Mito
Cytoplasm_Texture_InverseDifferenceMoment_Mito_3_01_256,0.16431799195039326,Cytoplasm,Texture,Mito
Nuclei_Intensity_StdIntensityEdge_PM,0.16408116480946194,Nuclei,Intensity,PM
Cytoplasm_Texture_InverseDifferenceMoment_Mito_3_03_256,0.16340563802669236,Cytoplasm,Texture,Mito
Cells_Texture_InverseDifferenceMoment_Mito_3_03_256,0.16325785988138572,Cells,Texture,Mito
Cells_Texture_InverseDifferenceMoment_Mito_3_02_256,0.16292152403463261,Cells,Texture,Mito
Cytoplasm_RadialDistribution_ZernikeMagnitude_ER_0_0,0.16286243523533134,Cytoplasm,RadialDistribution,ER
Cytoplasm_Intensity_MeanIntensity_ER,0.16285430239310952,Cytoplasm,Intensity,ER
Nuclei_Correlation_RWC_Mito_Actin,0.16248416028342583,Nuclei,Correlation,Multiple channels
Cells_Texture_DifferenceEntropy_Mito_3_02_256,0.1624458455868834,Cells,Texture,Mito
Cells_Intensity_MADIntensity_PM,0.16195529563467045,Cells,Intensity,PM
Cells_Correlation_K_Mito_PM,0.16190760173098215,Cells,Correlation,Multiple channels
Cytoplasm_Texture_InverseDifferenceMoment_Mito_3_02_256,0.16101104705774785,Cytoplasm,Texture,Mito
Cells_Correlation_Manders_PM_Actin,0.16095452613519057,Cells,Correlation,Multiple channels
Cytoplasm_Texture_DifferenceEntropy_Mito_3_00_256,0.1603429645682674,Cytoplasm,Texture,Mito
Cells_Texture_DifferenceEntropy_Mito_3_00_256,0.15992643817384183,Cells,Texture,Mito
Cells_Intensity_IntegratedIntensityEdge_ER,0.15868188609971728,Cells,Intensity,ER
Cytoplasm_Correlation_RWC_PM_ER,0.15857267395796687,Cytoplasm,Correlation,Multiple channels
Cytoplasm_RadialDistribution_ZernikeMagnitude_PM_2_2,0.15781075789096605,Cytoplasm,RadialDistribution,PM
Cytoplasm_RadialDistribution_ZernikeMagnitude_ER_2_0,0.15750510239878185,Cytoplasm,RadialDistribution,ER
Cells_Texture_InverseDifferenceMoment_Mito_3_00_256,0.15745792214215326,Cells,Texture,Mito
Cells_Intensity_UpperQuartileIntensity_ER,0.15738572749079938,Cells,Intensity,ER
Cells_Texture_DifferenceEntropy_DNA_3_03_256,0.15656023429124807,Cells,Texture,DNA
Cells_Texture_SumEntropy_DNA_3_01_256,0.15639587385729958,Cells,Texture,DNA
Cells_Texture_SumEntropy_DNA_3_03_256,0.1561493249016511,Cells,Texture,DNA
Cytoplasm_RadialDistribution_ZernikeMagnitude_PM_6_2,0.15594166905179635,Cytoplasm,RadialDistribution,PM
Cytoplasm_Texture_InverseDifferenceMoment_Mito_3_00_256,0.1559087495593188,Cytoplasm,Texture,Mito
Cytoplasm_RadialDistribution_ZernikeMagnitude_PM_4_0,0.15589107840838795,Cytoplasm,RadialDistribution,PM
Cytoplasm_Correlation_Correlation_Actin_DNA,0.1557436281015144,Cytoplasm,Correlation,Multiple channels
Cells_Texture_AngularSecondMoment_DNA_3_01_256,0.15565660036918433,Cells,Texture,DNA
Cytoplasm_Correlation_K_Mito_PM,0.15554551452527202,Cytoplasm,Correlation,Multiple channels
Cells_Texture_SumEntropy_DNA_3_02_256,0.15540104225185014,Cells,Texture,DNA
Cells_Texture_Entropy_DNA_3_01_256,0.15533659715265566,Cells,Texture,DNA
Cells_Texture_Entropy_DNA_3_00_256,0.15496842379106826,Cells,Texture,DNA
Cells_Correlation_RWC_DNA_PM,0.15470553317939534,Cells,Correlation,Multiple channels
Cytoplasm_Correlation_Manders_DNA_Actin,0.15460882192211933,Cytoplasm,Correlation,Multiple channels
Cells_Texture_SumEntropy_DNA_3_00_256,0.15458160364100437,Cells,Texture,DNA
Cells_Correlation_Manders_Mito_Actin,0.1545506088030284,Cells,Correlation,Multiple channels
Cells_Texture_Entropy_DNA_3_02_256,0.15444942434811063,Cells,Texture,DNA
Cells_Texture_Entropy_DNA_3_03_256,0.1542994839186572,Cells,Texture,DNA
Cells_Texture_AngularSecondMoment_DNA_3_02_256,0.1542447768599408,Cells,Texture,DNA
Cells_Texture_AngularSecondMoment_DNA_3_00_256,0.1542029246991859,Cells,Texture,DNA
Cytoplasm_Correlation_Correlation_Mito_PM,0.15397003807954263,Cytoplasm,Correlation,Multiple channels
Cytoplasm_Correlation_Manders_PM_Actin,0.15381018150606604,Cytoplasm,Correlation,Multiple channels
Cells_Texture_InverseDifferenceMoment_DNA_3_03_256,0.15373427061632855,Cells,Texture,DNA
Cells_Texture_AngularSecondMoment_DNA_3_03_256,0.15355040188375924,Cells,Texture,DNA
Cells_Texture_DifferenceEntropy_DNA_3_01_256,0.15334020834745235,Cells,Texture,DNA
Cells_RadialDistribution_ZernikeMagnitude_PM_4_2,0.1529320060476444,Cells,RadialDistribution,PM
Cytoplasm_Texture_DifferenceEntropy_DNA_3_02_256,0.1527954660518426,Cytoplasm,Texture,DNA
Cells_Texture_DifferenceEntropy_DNA_3_02_256,0.1527113174101415,Cells,Texture,DNA
Cells_Intensity_LowerQuartileIntensity_Mito,0.15268809456976817,Cells,Intensity,Mito
Cells_RadialDistribution_ZernikeMagnitude_PM_6_2,0.1522663477400235,Cells,RadialDistribution,PM
Cells_RadialDistribution_ZernikeMagnitude_ER_0_0,0.15217207011179051,Cells,RadialDistribution,ER
Cells_Intensity_MeanIntensity_ER,0.15216978670044398,Cells,Intensity,ER
Cells_Intensity_IntegratedIntensityEdge_Mito,0.15187159792380348,Cells,Intensity,Mito
Cells_Texture_InverseDifferenceMoment_DNA_3_01_256,0.15150135529115236,Cells,Texture,DNA
Cells_Texture_InverseDifferenceMoment_DNA_3_02_256,0.15115838765844342,Cells,Texture,DNA
Cells_Texture_DifferenceEntropy_DNA_3_00_256,0.15088916957037699,Cells,Texture,DNA
Cells_RadialDistribution_ZernikeMagnitude_PM_1_1,0.15079441349919442,Cells,RadialDistribution,PM
Cytoplasm_Texture_DifferenceEntropy_DNA_3_00_256,0.1502776983298302,Cytoplasm,Texture,DNA
Cells_RadialDistribution_ZernikeMagnitude_PM_7_1,0.15002287845912654,Cells,RadialDistribution,PM
Cells_Correlation_Correlation_Mito_PM,0.14998441283362715,Cells,Correlation,Multiple channels
Cells_Texture_InfoMeas2_DNA_3_00_256,0.14980259211595895,Cells,Texture,DNA
Cytoplasm_Correlation_Costes_DNA_PM,0.1497033697976325,Cytoplasm,Correlation,Multiple channels
Nuclei_Texture_Entropy_Mito_3_02_256,0.14967483442878185,Nuclei,Texture,Mito
Cells_Texture_InfoMeas2_DNA_3_02_256,0.14956057881101634,Cells,Texture,DNA
Nuclei_Texture_SumEntropy_Mito_3_00_256,0.14947544687442446,Nuclei,Texture,Mito
Cells_Intensity_MaxIntensityEdge_PM,0.1494093056702551,Cells,Intensity,PM
Nuclei_Texture_Entropy_Mito_3_03_256,0.14932854607725718,Nuclei,Texture,Mito
Nuclei_Correlation_RWC_Actin_Mito,0.1491237867644433,Nuclei,Correlation,Multiple channels
Nuclei_Texture_SumEntropy_Mito_3_02_256,0.14899060920613863,Nuclei,Texture,Mito
Cytoplasm_Texture_DifferenceEntropy_DNA_3_03_256,0.148780307097583,Cytoplasm,Texture,DNA
Cells_Texture_InverseDifferenceMoment_DNA_3_00_256,0.14866841265874312,Cells,Texture,DNA
Nuclei_Texture_Entropy_Mito_3_01_256,0.14860336074863903,Nuclei,Texture,Mito
Nuclei_Texture_Entropy_Mito_3_00_256,0.14859364077442616,Nuclei,Texture,Mito
Cytoplasm_Correlation_Manders_Mito_Actin,0.14852759463195733,Cytoplasm,Correlation,Multiple channels
Nuclei_Texture_SumEntropy_Mito_3_01_256,0.14839954391959462,Nuclei,Texture,Mito
Cytoplasm_Texture_DifferenceEntropy_DNA_3_01_256,0.1478124683451249,Cytoplasm,Texture,DNA
Cells_RadialDistribution_ZernikeMagnitude_PM_8_2,0.14780409985121076,Cells,RadialDistribution,PM
Cytoplasm_RadialDistribution_ZernikeMagnitude_PM_7_1,0.14749053863147857,Cytoplasm,RadialDistribution,PM
Nuclei_Texture_SumEntropy_Mito_3_03_256,0.14712450653688836,Nuclei,Texture,Mito
Nuclei_RadialDistribution_ZernikeMagnitude_PM_2_2,0.14704467609520827,Nuclei,RadialDistribution,PM
Cytoplasm_Correlation_Costes_DNA_ER,0.14699621831011223,Cytoplasm,Correlation,Multiple channels
Nuclei_Intensity_MeanIntensityEdge_ER,0.14568104255063968,Nuclei,Intensity,ER
Cells_RadialDistribution_ZernikeMagnitude_ER_2_0,0.14443995945913465,Cells,RadialDistribution,ER
Cytoplasm_RadialDistribution_ZernikeMagnitude_PM_8_2,0.1440773198558956,Cytoplasm,RadialDistribution,PM
Cytoplasm_Texture_DifferenceVariance_DNA_3_00_256,0.14348713719508077,Cytoplasm,Texture,DNA
Cytoplasm_Texture_DifferenceVariance_DNA_3_01_256,0.14330247470069696,Cytoplasm,Texture,DNA
Nuclei_Intensity_IntegratedIntensityEdge_ER,0.14326254501856664,Nuclei,Intensity,ER
Cytoplasm_RadialDistribution_ZernikeMagnitude_Mito_0_0,0.14298054105557523,Cytoplasm,RadialDistribution,Mito
Cytoplasm_Intensity_MeanIntensity_Mito,0.14297408302424117,Cytoplasm,Intensity,Mito
Cytoplasm_Texture_DifferenceVariance_DNA_3_02_256,0.14245462923583369,Cytoplasm,Texture,DNA
Cells_Texture_InfoMeas1_DNA_3_01_256,0.14238190313663962,Cells,Texture,DNA
Cells_Intensity_StdIntensityEdge_ER,0.14207437429016687,Cells,Intensity,ER
Cytoplasm_Texture_DifferenceVariance_DNA_3_03_256,0.14178504954233664,Cytoplasm,Texture,DNA
Cells_Intensity_MeanIntensityEdge_ER,0.1406581487859687,Cells,Intensity,ER
Cytoplasm_Correlation_RWC_PM_Mito,0.14032955711020456,Cytoplasm,Correlation,Multiple channels
Cytoplasm_Intensity_IntegratedIntensityEdge_Mito,0.13981376272436735,Cytoplasm,Intensity,Mito
Cytoplasm_Intensity_MeanIntensityEdge_ER,0.13944954915695196,Cytoplasm,Intensity,ER
Cells_Texture_InfoMeas1_DNA_3_03_256,0.13896239142567854,Cells,Texture,DNA
Cytoplasm_RadialDistribution_ZernikeMagnitude_PM_7_3,0.13786834838770132,Cytoplasm,RadialDistribution,PM
Cytoplasm_RadialDistribution_ZernikeMagnitude_PM_9_1,0.13774999242618682,Cytoplasm,RadialDistribution,PM
Nuclei_Intensity_MinIntensityEdge_ER,0.1377335139947375,Nuclei,Intensity,ER
Cytoplasm_Intensity_MedianIntensity_Mito,0.13760096954742232,Cytoplasm,Intensity,Mito
Nuclei_Texture_InverseDifferenceMoment_Mito_3_01_256,0.1374575557623221,Nuclei,Texture,Mito
Cells_RadialDistribution_ZernikeMagnitude_PM_2_2,0.13651281644886903,Cells,RadialDistribution,PM
Nuclei_RadialDistribution_ZernikeMagnitude_PM_6_4,0.13592257503266642,Nuclei,RadialDistribution,PM
Cells_Texture_InfoMeas1_DNA_3_02_256,0.13586442635109502,Cells,Texture,DNA
Nuclei_RadialDistribution_ZernikeMagnitude_PM_8_4,0.13578486819399252,Nuclei,RadialDistribution,PM
Cells_AreaShape_EquivalentDiameter,0.1356792870053272,Cells,AreaShape,No channel
Cytoplasm_Texture_SumAverage_Mito_3_01_256,0.1351400912032014,Cytoplasm,Texture,Mito
Cytoplasm_Texture_SumAverage_Mito_3_02_256,0.1350818244511689,Cytoplasm,Texture,Mito
Cells_RadialDistribution_ZernikeMagnitude_Mito_0_0,0.1349364530794482,Cells,RadialDistribution,Mito
Cells_Intensity_MeanIntensity_Mito,0.13493627968676047,Cells,Intensity,Mito
Cytoplasm_Texture_SumAverage_Mito_3_00_256,0.13465152443154324,Cytoplasm,Texture,Mito
Cytoplasm_AreaShape_EquivalentDiameter,0.13461418246754459,Cytoplasm,AreaShape,No channel
Cytoplasm_Texture_SumAverage_Mito_3_03_256,0.13422925180337753,Cytoplasm,Texture,Mito
Cytoplasm_Intensity_IntegratedIntensity_ER,0.13393866261288453,Cytoplasm,Intensity,ER
Cells_Texture_InfoMeas1_DNA_3_00_256,0.13386032192459352,Cells,Texture,DNA
Nuclei_Texture_InverseDifferenceMoment_Mito_3_03_256,0.13359205411618486,Nuclei,Texture,Mito
Nuclei_Texture_DifferenceEntropy_ER_3_02_256,0.13321530870406129,Nuclei,Texture,ER
Cytoplasm_Texture_InverseDifferenceMoment_DNA_3_02_256,0.13264136399732424,Cytoplasm,Texture,DNA
Cells_Correlation_Correlation_Actin_Mito,0.13262801042747996,Cells,Correlation,Multiple channels
Cytoplasm_Correlation_Costes_DNA_Mito,0.13244066132917015,Cytoplasm,Correlation,Multiple channels
Nuclei_Texture_DifferenceEntropy_ER_3_03_256,0.1324128226790674,Nuclei,Texture,ER
Cytoplasm_Intensity_UpperQuartileIntensity_Mito,0.1323434334543443,Cytoplasm,Intensity,Mito
Cytoplasm_Correlation_Correlation_DNA_ER,0.13188013440459556,Cytoplasm,Correlation,Multiple channels
Cells_Texture_InfoMeas2_DNA_3_01_256,0.1317482343098121,Cells,Texture,DNA
Cytoplasm_Texture_AngularSecondMoment_Mito_3_02_256,0.1317262045186779,Cytoplasm,Texture,Mito
Nuclei_Texture_DifferenceEntropy_ER_3_00_256,0.13155449577446157,Nuclei,Texture,ER
Cytoplasm_Correlation_K_Actin_DNA,0.131507220979434,Cytoplasm,Correlation,Multiple channels
Cells_Texture_DifferenceVariance_DNA_3_03_256,0.13137867222653085,Cells,Texture,DNA
Cells_Intensity_IntegratedIntensity_ER,0.13090878817981044,Cells,Intensity,ER
Cells_Texture_InfoMeas2_DNA_3_03_256,0.13059398845907114,Cells,Texture,DNA
Cells_Texture_SumAverage_Mito_3_01_256,0.13055617717824364,Cells,Texture,Mito
Cells_Texture_SumAverage_Mito_3_02_256,0.13048088374772043,Cells,Texture,Mito
Cytoplasm_Texture_AngularSecondMoment_Mito_3_00_256,0.13042596188547922,Cytoplasm,Texture,Mito
Cytoplasm_Intensity_StdIntensity_ER,0.130265501744783,Cytoplasm,Intensity,ER
Cells_Texture_SumAverage_Mito_3_00_256,0.13016689728262265,Cells,Texture,Mito
Cytoplasm_Texture_InverseDifferenceMoment_DNA_3_00_256,0.1300903553133256,Cytoplasm,Texture,DNA
Cells_Intensity_UpperQuartileIntensity_Mito,0.12997465457934784,Cells,Intensity,Mito
Cells_RadialDistribution_ZernikeMagnitude_PM_9_1,0.12981572240624625,Cells,RadialDistribution,PM
Cells_Texture_DifferenceVariance_DNA_3_01_256,0.1298142181071198,Cells,Texture,DNA
Cytoplasm_RadialDistribution_ZernikeMagnitude_Mito_2_0,0.12969919269073746,Cytoplasm,RadialDistribution,Mito
Nuclei_RadialDistribution_ZernikeMagnitude_PM_9_1,0.12966895858939922,Nuclei,RadialDistribution,PM
Cytoplasm_AreaShape_MeanRadius,0.12959096389645974,Cytoplasm,AreaShape,No channel
Cytoplasm_Correlation_Correlation_Actin_Mito,0.12941936927422418,Cytoplasm,Correlation,Multiple channels
Nuclei_Texture_InverseDifferenceMoment_Mito_3_02_256,0.12939872297403754,Nuclei,Texture,Mito
Cells_Intensity_MaxIntensityEdge_ER,0.1293644259093801,Cells,Intensity,ER
Cells_Texture_SumAverage_Mito_3_03_256,0.1292362522221688,Cells,Texture,Mito
Nuclei_Texture_DifferenceEntropy_ER_3_01_256,0.12911935029424856,Nuclei,Texture,ER
Cytoplasm_RadialDistribution_ZernikeMagnitude_PM_5_3,0.1287265213883853,Cytoplasm,RadialDistribution,PM
Cells_Intensity_MedianIntensity_Mito,0.12862902268063645,Cells,Intensity,Mito
Cytoplasm_RadialDistribution_ZernikeMagnitude_PM_9_3,0.12852672080327604,Cytoplasm,RadialDistribution,PM
Cells_RadialDistribution_ZernikeMagnitude_PM_9_3,0.12851912084219047,Cells,RadialDistribution,PM
Cytoplasm_AreaShape_MedianRadius,0.1279598572703493,Cytoplasm,AreaShape,No channel
Cytoplasm_AreaShape_MaximumRadius,0.12793816815775796,Cytoplasm,AreaShape,No channel
Cytoplasm_Texture_InverseDifferenceMoment_DNA_3_01_256,0.127643741731292,Cytoplasm,Texture,DNA
Nuclei_Correlation_K_ER_Mito,0.12761955063229058,Nuclei,Correlation,Multiple channels
Cytoplasm_Texture_InverseDifferenceMoment_DNA_3_03_256,0.1274853328676744,Cytoplasm,Texture,DNA
Nuclei_Texture_InverseDifferenceMoment_Mito_3_00_256,0.12742066194264495,Nuclei,Texture,Mito
Cytoplasm_Intensity_StdIntensity_Mito,0.12739824433034963,Cytoplasm,Intensity,Mito
Nuclei_Texture_AngularSecondMoment_Mito_3_00_256,0.12725955107249123,Nuclei,Texture,Mito
Nuclei_Intensity_StdIntensity_PM,0.12708102062504026,Nuclei,Intensity,PM
Nuclei_Texture_AngularSecondMoment_Mito_3_02_256,0.12703283739119042,Nuclei,Texture,Mito
Cytoplasm_RadialDistribution_ZernikeMagnitude_PM_6_4,0.12691115733845645,Cytoplasm,RadialDistribution,PM
Nuclei_Texture_DifferenceEntropy_Mito_3_01_256,0.12675196604334635,Nuclei,Texture,Mito
Cells_Texture_DifferenceVariance_DNA_3_02_256,0.12670709272827596,Cells,Texture,DNA
Cytoplasm_Correlation_K_Mito_ER,0.12606983271671768,Cytoplasm,Correlation,Multiple channels
Cells_Texture_AngularSecondMoment_Mito_3_02_256,0.12602968301135714,Cells,Texture,Mito
Cytoplasm_Texture_AngularSecondMoment_Mito_3_01_256,0.12588255792984576,Cytoplasm,Texture,Mito
Cells_Correlation_K_Mito_ER,0.12584468938071489,Cells,Correlation,Multiple channels
Nuclei_RadialDistribution_ZernikeMagnitude_PM_9_3,0.12557720036179923,Nuclei,RadialDistribution,PM
Nuclei_Texture_DifferenceEntropy_Mito_3_02_256,0.12549367546130755,Nuclei,Texture,Mito
Nuclei_Correlation_Overlap_Actin_ER,0.12540129271169068,Nuclei,Correlation,Multiple channels
Cells_Texture_DifferenceVariance_DNA_3_00_256,0.12504598697935912,Cells,Texture,DNA
Nuclei_Texture_DifferenceEntropy_Mito_3_00_256,0.12501529805235423,Nuclei,Texture,Mito
Cells_Texture_AngularSecondMoment_Mito_3_00_256,0.12495827782517224,Cells,Texture,Mito
Cells_RadialDistribution_ZernikeMagnitude_Mito_2_0,0.12492236984176786,Cells,RadialDistribution,Mito
Nuclei_Intensity_MeanIntensityEdge_Mito,0.12456630874476529,Nuclei,Intensity,Mito
Nuclei_Texture_DifferenceVariance_ER_3_00_256,0.12443772790111741,Nuclei,Texture,ER
Cytoplasm_Correlation_RWC_Mito_Actin,0.12432366158426071,Cytoplasm,Correlation,Multiple channels
Cytoplasm_Texture_AngularSecondMoment_Mito_3_03_256,0.12425614946146886,Cytoplasm,Texture,Mito
Cells_Correlation_Correlation_ER_PM,0.12414812324423842,Cells,Correlation,Multiple channels
Cells_Neighbors_NumberOfNeighbors_Adjacent,0.12391485416147334,Cells,Neighbors,No channel
Nuclei_Texture_DifferenceVariance_ER_3_02_256,0.1238989530331469,Nuclei,Texture,ER
Cytoplasm_Correlation_Correlation_ER_PM,0.12389645622068665,Cytoplasm,Correlation,Multiple channels
Nuclei_Texture_DifferenceEntropy_Mito_3_03_256,0.12378171060958665,Nuclei,Texture,Mito
Nuclei_Texture_AngularSecondMoment_Mito_3_03_256,0.12377860554577003,Nuclei,Texture,Mito
Cells_Intensity_MaxIntensity_Mito,0.12370986962038225,Cells,Intensity,Mito
Cells_Correlation_Manders_Actin_ER,0.123532430525654,Cells,Correlation,Multiple channels
Cytoplasm_RadialDistribution_ZernikeMagnitude_PM_4_4,0.12348151135794484,Cytoplasm,RadialDistribution,PM
Nuclei_Intensity_MinIntensity_DNA,0.12339598003659723,Nuclei,Intensity,DNA
Nuclei_Texture_AngularSecondMoment_Mito_3_01_256,0.1233771605614219,Nuclei,Texture,Mito
Cells_RadialDistribution_ZernikeMagnitude_PM_6_0,0.12327785513126795,Cells,RadialDistribution,PM
Cells_Correlation_Costes_DNA_PM,0.12309924336418825,Cells,Correlation,Multiple channels
Cytoplasm_Intensity_MaxIntensity_Mito,0.12309571648699151,Cytoplasm,Intensity,Mito
Nuclei_Correlation_Correlation_Mito_PM,0.1230609714167747,Nuclei,Correlation,Multiple channels
Nuclei_Texture_Variance_Actin_3_02_256,0.12304233406567662,Nuclei,Texture,Actin
Cytoplasm_Correlation_RWC_Mito_DNA,0.12296783086831685,Cytoplasm,Correlation,Multiple channels
Cells_RadialDistribution_ZernikeMagnitude_PM_7_3,0.12295606523797296,Cells,RadialDistribution,PM
Cytoplasm_Intensity_IntegratedIntensity_Mito,0.12292200014606025,Cytoplasm,Intensity,Mito
Cytoplasm_Texture_SumEntropy_ER_3_00_256,0.1228413427811808,Cytoplasm,Texture,ER
Nuclei_Texture_InfoMeas2_PM_3_00_256,0.1227214382926784,Nuclei,Texture,PM
Cells_Intensity_StdIntensity_Mito,0.12271674469874803,Cells,Intensity,Mito
Cytoplasm_Texture_SumEntropy_ER_3_02_256,0.12265589930650385,Cytoplasm,Texture,ER
Cytoplasm_Texture_Entropy_DNA_3_02_256,0.12251161854462458,Cytoplasm,Texture,DNA
Nuclei_Texture_Variance_Actin_3_00_256,0.12249712139945722,Nuclei,Texture,Actin
Cells_Correlation_K_ER_Mito,0.1223240138974316,Cells,Correlation,Multiple channels
Cytoplasm_Texture_Entropy_DNA_3_00_256,0.12200036760111088,Cytoplasm,Texture,DNA
Nuclei_Texture_InfoMeas2_PM_3_02_256,0.1219410005075011,Nuclei,Texture,PM
Nuclei_Texture_Variance_Actin_3_03_256,0.1219316532185276,Nuclei,Texture,Actin
Nuclei_Texture_Variance_Actin_3_01_256,0.12193003419051876,Nuclei,Texture,Actin
Nuclei_Intensity_MinIntensityEdge_DNA,0.12188428719543892,Nuclei,Intensity,DNA
Cytoplasm_RadialDistribution_ZernikeMagnitude_PM_8_4,0.12188002816337447,Cytoplasm,RadialDistribution,PM
Nuclei_RadialDistribution_ZernikeMagnitude_PM_6_0,0.12157241576906283,Nuclei,RadialDistribution,PM
Nuclei_Texture_DifferenceVariance_ER_3_01_256,0.12151742139388062,Nuclei,Texture,ER
Nuclei_Intensity_LowerQuartileIntensity_Mito,0.12129487669917173,Nuclei,Intensity,Mito
Cytoplasm_RadialDistribution_ZernikeMagnitude_PM_6_0,0.12127127504493482,Cytoplasm,RadialDistribution,PM
Cells_AreaShape_MaximumRadius,0.12125139183075641,Cells,AreaShape,No channel
Nuclei_Texture_DifferenceVariance_ER_3_03_256,0.12125081718850836,Nuclei,Texture,ER
Cytoplasm_Texture_SumEntropy_ER_3_01_256,0.12119271960028573,Cytoplasm,Texture,ER
Cytoplasm_Texture_SumEntropy_ER_3_03_256,0.12118506830073128,Cytoplasm,Texture,ER
Cells_Texture_AngularSecondMoment_Mito_3_01_256,0.12098111016418853,Cells,Texture,Mito
Cells_AreaShape_MeanRadius,0.12083082019788847,Cells,AreaShape,No channel
Cells_AreaShape_Area,0.12080650883220154,Cells,AreaShape,No channel
Cytoplasm_Intensity_StdIntensityEdge_ER,0.12073952012598174,Cytoplasm,Intensity,ER
Cytoplasm_Texture_Entropy_ER_3_01_256,0.12052318017424725,Cytoplasm,Texture,ER
Cells_Texture_AngularSecondMoment_Mito_3_03_256,0.12027242104435672,Cells,Texture,Mito
Cells_Intensity_MeanIntensityEdge_Mito,0.12020950851777357,Cells,Intensity,Mito
Nuclei_Texture_Correlation_Actin_3_02_256,0.12008707040017569,Nuclei,Texture,Actin
Cytoplasm_AreaShape_Area,0.11998544249224903,Cytoplasm,AreaShape,No channel
Cytoplasm_Texture_SumEntropy_DNA_3_02_256,0.11996385836169993,Cytoplasm,Texture,DNA
Cells_Intensity_IntegratedIntensity_Mito,0.11995762750626347,Cells,Intensity,Mito
Cytoplasm_Granularity_5_DNA,0.11990368389758693,Cytoplasm,Granularity,DNA
Cytoplasm_Correlation_K_ER_Mito,0.11987465060683489,Cytoplasm,Correlation,Multiple channels
Nuclei_Intensity_MinIntensity_ER,0.11983007996632548,Nuclei,Intensity,ER
Cells_Correlation_RWC_PM_ER,0.11980419011913254,Cells,Correlation,Multiple channels
Nuclei_Intensity_MeanIntensityEdge_DNA,0.11973261473202566,Nuclei,Intensity,DNA
Cells_AreaShape_MedianRadius,0.11966375519611075,Cells,AreaShape,No channel
Cytoplasm_Texture_Entropy_ER_3_00_256,0.11960527847297475,Cytoplasm,Texture,ER
Cytoplasm_Texture_Entropy_DNA_3_03_256,0.11941316888472495,Cytoplasm,Texture,DNA
Cytoplasm_Texture_Entropy_DNA_3_01_256,0.11930502436728095,Cytoplasm,Texture,DNA
Cytoplasm_Texture_SumEntropy_DNA_3_01_256,0.11906792416153666,Cytoplasm,Texture,DNA
Cytoplasm_Texture_SumEntropy_DNA_3_00_256,0.11903984415525229,Cytoplasm,Texture,DNA
Nuclei_RadialDistribution_ZernikeMagnitude_PM_7_1,0.11891501754523257,Nuclei,RadialDistribution,PM
Cytoplasm_Texture_SumEntropy_DNA_3_03_256,0.11880946977151244,Cytoplasm,Texture,DNA
Cytoplasm_Texture_InfoMeas1_DNA_3_02_256,0.11876224064650005,Cytoplasm,Texture,DNA
Nuclei_AreaShape_EquivalentDiameter,0.11861245543084199,Nuclei,AreaShape,No channel
Cytoplasm_Intensity_MADIntensity_Mito,0.11851222861961513,Cytoplasm,Intensity,Mito
Nuclei_Correlation_K_Mito_ER,0.11849505935261906,Nuclei,Correlation,Multiple channels
Nuclei_Texture_DifferenceVariance_Mito_3_02_256,0.11846910754741366,Nuclei,Texture,Mito
Nuclei_AreaShape_MeanRadius,0.11846333699463678,Nuclei,AreaShape,No channel
Cytoplasm_Texture_InfoMeas1_DNA_3_03_256,0.11840168235113825,Cytoplasm,Texture,DNA
Cytoplasm_Correlation_Costes_Mito_DNA,0.11822819349250445,Cytoplasm,Correlation,Multiple channels
Nuclei_Texture_InverseDifferenceMoment_ER_3_00_256,0.11799542508244878,Nuclei,Texture,ER
Cytoplasm_Correlation_Manders_Actin_ER,0.11778977122044318,Cytoplasm,Correlation,Multiple channels
Cytoplasm_Texture_Entropy_ER_3_02_256,0.11777341496269282,Cytoplasm,Texture,ER
Cytoplasm_Texture_Contrast_PM_3_00_256,0.11749537005848183,Cytoplasm,Texture,PM
Nuclei_Texture_DifferenceVariance_Mito_3_01_256,0.11646444023486521,Nuclei,Texture,Mito
Nuclei_Texture_InverseDifferenceMoment_ER_3_02_256,0.11620862115281966,Nuclei,Texture,ER
Cells_Correlation_Costes_DNA_ER,0.11618822486784486,Cells,Correlation,Multiple channels
Cells_Texture_SumEntropy_ER_3_02_256,0.11616597162705529,Cells,Texture,ER
Nuclei_Texture_DifferenceVariance_Mito_3_00_256,0.11614184210932628,Nuclei,Texture,Mito
Cytoplasm_Texture_AngularSecondMoment_DNA_3_00_256,0.11612164396484091,Cytoplasm,Texture,DNA
Cells_Intensity_StdIntensity_ER,0.11599419963497426,Cells,Intensity,ER
Cytoplasm_Texture_Entropy_ER_3_03_256,0.11594934582306432,Cytoplasm,Texture,ER
Cells_Intensity_MADIntensity_Mito,0.1158035024211901,Cells,Intensity,Mito
Cytoplasm_Texture_AngularSecondMoment_DNA_3_02_256,0.11579644096756116,Cytoplasm,Texture,DNA
Cytoplasm_Texture_AngularSecondMoment_DNA_3_01_256,0.11574383908337939,Cytoplasm,Texture,DNA
Cells_Correlation_Costes_Mito_DNA,0.11560275942984032,Cells,Correlation,Multiple channels
Cells_Texture_SumEntropy_ER_3_00_256,0.11531891561902405,Cells,Texture,ER
Cells_Texture_SumEntropy_ER_3_01_256,0.11527426126648295,Cells,Texture,ER
Nuclei_Texture_InfoMeas2_Mito_3_01_256,0.11522148248924163,Nuclei,Texture,Mito
Cells_Correlation_Manders_Actin_PM,0.11521186535743272,Cells,Correlation,Multiple channels
Nuclei_Intensity_MinIntensity_Mito,0.11520593597848681,Nuclei,Intensity,Mito
Nuclei_Texture_InfoMeas2_PM_3_03_256,0.1150522916359388,Nuclei,Texture,PM
Cytoplasm_Texture_SumAverage_ER_3_00_256,0.11499872593481453,Cytoplasm,Texture,ER
Nuclei_RadialDistribution_ZernikeMagnitude_PM_8_6,0.11491967870414298,Nuclei,RadialDistribution,PM
Cells_Texture_Entropy_ER_3_01_256,0.114830857786197,Cells,Texture,ER
Nuclei_Texture_DifferenceVariance_Mito_3_03_256,0.1147457106449827,Nuclei,Texture,Mito
Cytoplasm_Texture_SumAverage_ER_3_02_256,0.11473973256543744,Cytoplasm,Texture,ER
Cells_Texture_SumAverage_DNA_3_02_256,0.11460013869885133,Cells,Texture,DNA
Cells_Intensity_MADIntensity_ER,0.11455474852072443,Cells,Intensity,ER
Cells_Texture_Entropy_ER_3_02_256,0.11451105491479778,Cells,Texture,ER
Cytoplasm_Texture_AngularSecondMoment_DNA_3_03_256,0.11449305281675493,Cytoplasm,Texture,DNA
Nuclei_Texture_InfoMeas2_Mito_3_03_256,0.11432969582092599,Nuclei,Texture,Mito
Cytoplasm_Texture_InfoMeas1_DNA_3_00_256,0.114306931723508,Cytoplasm,Texture,DNA
Nuclei_Correlation_Overlap_Actin_PM,0.11424123134316166,Nuclei,Correlation,Multiple channels
Cytoplasm_Texture_Contrast_PM_3_02_256,0.11415581190016423,Cytoplasm,Texture,PM
Cytoplasm_Texture_SumAverage_ER_3_01_256,0.1139147472507485,Cytoplasm,Texture,ER
Nuclei_AreaShape_MedianRadius,0.11386839091222224,Nuclei,AreaShape,No channel
Cells_Texture_Contrast_PM_3_00_256,0.11381388474701917,Cells,Texture,PM
Cells_Texture_SumAverage_DNA_3_00_256,0.11380041695909263,Cells,Texture,DNA
Nuclei_RadialDistribution_ZernikeMagnitude_PM_4_2,0.11378615825936016,Nuclei,RadialDistribution,PM
Cytoplasm_Correlation_Manders_PM_DNA,0.11366821456214131,Cytoplasm,Correlation,Multiple channels
Cells_Texture_Entropy_ER_3_00_256,0.11357860043230243,Cells,Texture,ER
Cytoplasm_Texture_InfoMeas1_DNA_3_01_256,0.11354756748263672,Cytoplasm,Texture,DNA
Cytoplasm_RadialDistribution_ZernikeMagnitude_ER_3_1,0.11353370094708236,Cytoplasm,RadialDistribution,ER
Cells_Texture_SumEntropy_ER_3_03_256,0.11347780393838736,Cells,Texture,ER
Cytoplasm_Correlation_Costes_DNA_Actin,0.11345593287516774,Cytoplasm,Correlation,Multiple channels
Nuclei_RadialDistribution_ZernikeMagnitude_Mito_0_0,0.11344920241549589,Nuclei,RadialDistribution,Mito
Cells_Correlation_RWC_PM_Mito,0.11341975498678539,Cells,Correlation,Multiple channels
Nuclei_Intensity_MeanIntensity_Mito,0.11339123147337861,Nuclei,Intensity,Mito
Cytoplasm_Correlation_K_DNA_Mito,0.11330498360111849,Cytoplasm,Correlation,Multiple channels
Cytoplasm_Texture_SumAverage_ER_3_03_256,0.11321383961411695,Cytoplasm,Texture,ER
Nuclei_Texture_InfoMeas2_Mito_3_00_256,0.11316711280524284,Nuclei,Texture,Mito
Cells_Texture_SumAverage_DNA_3_03_256,0.11309407764028888,Cells,Texture,DNA
Nuclei_Texture_InverseDifferenceMoment_ER_3_03_256,0.11306539369826464,Nuclei,Texture,ER
Nuclei_Texture_InverseDifferenceMoment_ER_3_01_256,0.11304620989238635,Nuclei,Texture,ER
Cytoplasm_RadialDistribution_ZernikeMagnitude_PM_9_5,0.11288833720932684,Cytoplasm,RadialDistribution,PM
Cytoplasm_Intensity_LowerQuartileIntensity_ER,0.11264951304338439,Cytoplasm,Intensity,ER
Nuclei_RadialDistribution_ZernikeMagnitude_PM_9_5,0.1124126502063943,Nuclei,RadialDistribution,PM
Cells_Correlation_RWC_Mito_Actin,0.11238209455352109,Cells,Correlation,Multiple channels
Cells_Texture_SumAverage_DNA_3_01_256,0.11226913061395923,Cells,Texture,DNA
Cytoplasm_Correlation_Manders_ER_DNA,0.11220933113181493,Cytoplasm,Correlation,Multiple channels
Nuclei_Correlation_K_Mito_DNA,0.11202901720259484,Nuclei,Correlation,Multiple channels
Cells_Correlation_RWC_DNA_Actin,0.1119789137383967,Cells,Correlation,Multiple channels
Nuclei_AreaShape_MinorAxisLength,0.11190205700335841,Nuclei,AreaShape,No channel
Nuclei_AreaShape_MaximumRadius,0.11189294216992697,Nuclei,AreaShape,No channel
Cells_Texture_Contrast_PM_3_02_256,0.1118552103285153,Cells,Texture,PM
Cytoplasm_RadialDistribution_ZernikeMagnitude_PM_6_6,0.11182258050676781,Cytoplasm,RadialDistribution,PM
Nuclei_AreaShape_MinFeretDiameter,0.11168806537938517,Nuclei,AreaShape,No channel
Cells_AreaShape_MinorAxisLength,0.11157325197636331,Cells,AreaShape,No channel
Cells_Correlation_Correlation_DNA_Mito,0.11155372113252734,Cells,Correlation,Multiple channels
Cells_Texture_Entropy_ER_3_03_256,0.11154965812330885,Cells,Texture,ER
Cytoplasm_RadialDistribution_ZernikeMagnitude_PM_3_3,0.11142375772799129,Cytoplasm,RadialDistribution,PM
Cytoplasm_Correlation_Costes_PM_DNA,0.11119352933057063,Cytoplasm,Correlation,Multiple channels
Cells_Intensity_LowerQuartileIntensity_ER,0.11117999950095547,Cells,Intensity,ER
Nuclei_Texture_InfoMeas2_PM_3_01_256,0.11106752191645217,Nuclei,Texture,PM
Nuclei_Texture_SumAverage_Mito_3_02_256,0.11092406156958468,Nuclei,Texture,Mito
Cells_Correlation_Costes_DNA_Actin,0.11085217242628999,Cells,Correlation,Multiple channels
Cytoplasm_AreaShape_MinorAxisLength,0.11079007757889449,Cytoplasm,AreaShape,No channel
Nuclei_Texture_SumAverage_Mito_3_00_256,0.11058469050755698,Nuclei,Texture,Mito
Cells_RadialDistribution_FracAtD_Actin_4of4,0.11031189920518357,Cells,RadialDistribution,Actin
Nuclei_Correlation_Costes_DNA_Actin,0.11008876451296072,Nuclei,Correlation,Multiple channels
Nuclei_Correlation_K_ER_DNA,0.10989053325215418,Nuclei,Correlation,Multiple channels
Nuclei_Texture_Entropy_ER_3_00_256,0.10984073409476482,Nuclei,Texture,ER
Nuclei_Texture_Entropy_ER_3_02_256,0.10983520042107786,Nuclei,Texture,ER
Nuclei_Texture_SumAverage_Mito_3_01_256,0.10983430411927766,Nuclei,Texture,Mito
Nuclei_Texture_SumAverage_Mito_3_03_256,0.10978601633574475,Nuclei,Texture,Mito
Nuclei_Intensity_MedianIntensity_Mito,0.1097732320813705,Nuclei,Intensity,Mito
Nuclei_Intensity_IntegratedIntensityEdge_Mito,0.10940822730383003,Nuclei,Intensity,Mito
Cytoplasm_Correlation_Correlation_DNA_Mito,0.10932879285717387,Cytoplasm,Correlation,Multiple channels
Nuclei_Texture_InfoMeas2_Mito_3_02_256,0.1093068173971489,Nuclei,Texture,Mito
Cells_AreaShape_MinFeretDiameter,0.10896387161069881,Cells,AreaShape,No channel
Cytoplasm_AreaShape_MinFeretDiameter,0.10896387161069881,Cytoplasm,AreaShape,No channel
Nuclei_RadialDistribution_RadialCV_Actin_2of4,0.10885655789504549,Nuclei,RadialDistribution,Actin
Cells_RadialDistribution_ZernikeMagnitude_PM_5_3,0.1087573730164975,Cells,RadialDistribution,PM
Cytoplasm_RadialDistribution_ZernikeMagnitude_PM_8_6,0.10868066330877456,Cytoplasm,RadialDistribution,PM
Cells_RadialDistribution_FracAtD_Actin_3of4,0.10854697956684846,Cells,RadialDistribution,Actin
Cytoplasm_Texture_DifferenceVariance_ER_3_00_256,0.10853688438081761,Cytoplasm,Texture,ER
Nuclei_Texture_Correlation_Actin_3_03_256,0.10851722887624879,Nuclei,Texture,Actin
Nuclei_AreaShape_Perimeter,0.1084314012832705,Nuclei,AreaShape,No channel
Cells_Correlation_RWC_DNA_Mito,0.10832048147302109,Cells,Correlation,Multiple channels
Nuclei_Texture_Entropy_ER_3_03_256,0.10824255348541768,Nuclei,Texture,ER
Cells_RadialDistribution_MeanFrac_Actin_4of4,0.10818098906860736,Cells,RadialDistribution,Actin
Nuclei_RadialDistribution_FracAtD_ER_3of4,0.10816815511529514,Nuclei,RadialDistribution,ER
Cytoplasm_Texture_DifferenceVariance_ER_3_02_256,0.10814886358932822,Cytoplasm,Texture,ER
Cytoplasm_Granularity_1_DNA,0.10807622053166493,Cytoplasm,Granularity,DNA
Nuclei_AreaShape_Area,0.10805766094113295,Nuclei,AreaShape,No channel
Cytoplasm_Correlation_Manders_Mito_DNA,0.10801357364198114,Cytoplasm,Correlation,Multiple channels
Cytoplasm_Texture_InfoMeas2_DNA_3_00_256,0.10794500836166508,Cytoplasm,Texture,DNA
Nuclei_Texture_Entropy_ER_3_01_256,0.10789651962328858,Nuclei,Texture,ER
Cytoplasm_Correlation_Manders_Actin_PM,0.10780337383490894,Cytoplasm,Correlation,Multiple channels
Nuclei_RadialDistribution_ZernikeMagnitude_PM_7_3,0.1077199642753343,Nuclei,RadialDistribution,PM
Nuclei_Texture_Correlation_Actin_3_00_256,0.10770645692532493,Nuclei,Texture,Actin
Nuclei_Intensity_MaxIntensity_Mito,0.10769227862313346,Nuclei,Intensity,Mito
Cells_Texture_SumAverage_ER_3_02_256,0.10768270401990496,Cells,Texture,ER
Nuclei_RadialDistribution_ZernikeMagnitude_PM_8_0,0.10760079876238281,Nuclei,RadialDistribution,PM
Nuclei_RadialDistribution_MeanFrac_ER_3of4,0.10759715741913957,Nuclei,RadialDistribution,ER
Cells_Correlation_Costes_PM_DNA,0.10750117490681443,Cells,Correlation,Multiple channels
Cells_Texture_DifferenceVariance_ER_3_00_256,0.10749991738421905,Cells,Texture,ER
Cytoplasm_Texture_InfoMeas2_DNA_3_02_256,0.10744602989465003,Cytoplasm,Texture,DNA
Cytoplasm_RadialDistribution_ZernikeMagnitude_PM_8_0,0.10733744603311829,Cytoplasm,RadialDistribution,PM
Nuclei_Texture_SumVariance_Actin_3_02_256,0.10725683816617143,Nuclei,Texture,Actin
Nuclei_Texture_SumVariance_Actin_3_00_256,0.10719501719285272,Nuclei,Texture,Actin
Nuclei_Intensity_MaxIntensityEdge_Mito,0.10712249624202524,Nuclei,Intensity,Mito
Cells_Correlation_Correlation_Actin_DNA,0.10709007528727725,Cells,Correlation,Multiple channels
Cells_RadialDistribution_ZernikeMagnitude_PM_8_4,0.10703762280344685,Cells,RadialDistribution,PM
Cytoplasm_Intensity_StdIntensityEdge_Mito,0.10702633445299976,Cytoplasm,Intensity,Mito
Nuclei_Intensity_MinIntensityEdge_Mito,0.1069193537273495,Nuclei,Intensity,Mito
Cytoplasm_AreaShape_ConvexArea,0.1068997629870618,Cytoplasm,AreaShape,No channel
Cells_AreaShape_ConvexArea,0.1068997629870618,Cells,AreaShape,No channel
Cytoplasm_RadialDistribution_ZernikeMagnitude_PM_8_8,0.10665191091689646,Cytoplasm,RadialDistribution,PM
Cells_Texture_SumAverage_ER_3_00_256,0.10661855360859959,Cells,Texture,ER
Cytoplasm_RadialDistribution_ZernikeMagnitude_Mito_4_2,0.10651464894600207,Cytoplasm,RadialDistribution,Mito
Cells_Texture_DifferenceVariance_ER_3_02_256,0.10650580863106447,Cells,Texture,ER
Cells_Correlation_Correlation_ER_Mito,0.10649869437447407,Cells,Correlation,Multiple channels
Cells_RadialDistribution_ZernikeMagnitude_PM_6_4,0.10632833041731642,Cells,RadialDistribution,PM
Cytoplasm_Correlation_Costes_Actin_PM,0.10621172559952315,Cytoplasm,Correlation,Multiple channels
Cells_Texture_SumAverage_ER_3_03_256,0.10618645344043864,Cells,Texture,ER
Cytoplasm_RadialDistribution_ZernikeMagnitude_PM_7_5,0.10604307372663094,Cytoplasm,RadialDistribution,PM
Cells_RadialDistribution_MeanFrac_Actin_3of4,0.10597539651230763,Cells,RadialDistribution,Actin
Cells_Correlation_Costes_Actin_PM,0.10591013756073576,Cells,Correlation,Multiple channels
Cells_Texture_InverseDifferenceMoment_ER_3_01_256,0.10586315165676936,Cells,Texture,ER
Cells_Correlation_RWC_DNA_ER,0.10581336423285612,Cells,Correlation,Multiple channels
Cells_Texture_SumAverage_ER_3_01_256,0.10571022192867095,Cells,Texture,ER
Cells_Correlation_Correlation_DNA_PM,0.10564835057527497,Cells,Correlation,Multiple channels
Cytoplasm_Texture_DifferenceVariance_ER_3_01_256,0.1056368562026451,Cytoplasm,Texture,ER
Nuclei_AreaShape_ConvexArea,0.10536629240261712,Nuclei,AreaShape,No channel
Cells_RadialDistribution_ZernikeMagnitude_PM_4_4,0.10524907503675386,Cells,RadialDistribution,PM
Cytoplasm_Correlation_Costes_ER_DNA,0.10494485238551739,Cytoplasm,Correlation,Multiple channels
Cytoplasm_Texture_InverseDifferenceMoment_ER_3_01_256,0.10487913514945192,Cytoplasm,Texture,ER
Cells_RadialDistribution_ZernikeMagnitude_ER_3_1,0.10484608273728488,Cells,RadialDistribution,ER
Cytoplasm_Texture_Variance_PM_3_00_256,0.10470759909795212,Cytoplasm,Texture,PM
Cytoplasm_Intensity_MeanIntensityEdge_Mito,0.10470215535183552,Cytoplasm,Intensity,Mito
Nuclei_RadialDistribution_RadialCV_Actin_3of4,0.1046937310043709,Nuclei,RadialDistribution,Actin
Cells_Intensity_MedianIntensity_ER,0.10465905925999798,Cells,Intensity,ER
Cytoplasm_Texture_Variance_PM_3_02_256,0.10461903480727543,Cytoplasm,Texture,PM
Nuclei_RadialDistribution_ZernikeMagnitude_PM_2_0,0.10459419601909836,Nuclei,RadialDistribution,PM
Cells_Texture_DifferenceEntropy_ER_3_00_256,0.10447053162284667,Cells,Texture,ER
Cells_Texture_DifferenceVariance_ER_3_01_256,0.10446808176116867,Cells,Texture,ER
Cells_Correlation_Costes_DNA_Mito,0.10431593851987658,Cells,Correlation,Multiple channels
Cytoplasm_RadialDistribution_ZernikeMagnitude_ER_4_2,0.10431081847320503,Cytoplasm,RadialDistribution,ER
Cytoplasm_Intensity_MaxIntensityEdge_Mito,0.10429642170422108,Cytoplasm,Intensity,Mito
Cells_RadialDistribution_RadialCV_Actin_4of4,0.10404951816025106,Cells,RadialDistribution,Actin
Cells_RadialDistribution_ZernikeMagnitude_PM_8_0,0.1037959523038319,Cells,RadialDistribution,PM
Cytoplasm_Texture_Variance_PM_3_01_256,0.1036335051302034,Cytoplasm,Texture,PM
Cells_Correlation_Overlap_DNA_ER,0.10352711493971875,Cells,Correlation,Multiple channels
Cytoplasm_Texture_SumVariance_PM_3_02_256,0.1033929989471968,Cytoplasm,Texture,PM
Cells_Correlation_K_Mito_DNA,0.10339186088061922,Cells,Correlation,Multiple channels
Cytoplasm_Texture_Variance_PM_3_03_256,0.10321869467403057,Cytoplasm,Texture,PM
Cytoplasm_Texture_SumVariance_PM_3_00_256,0.10318925259669066,Cytoplasm,Texture,PM
Cytoplasm_Texture_InverseDifferenceMoment_ER_3_02_256,0.10315761757262225,Cytoplasm,Texture,ER
Cells_Texture_InverseDifferenceMoment_ER_3_00_256,0.10307953567283613,Cells,Texture,ER
Cytoplasm_AreaShape_Zernike_0_0,0.10305832083139019,Cytoplasm,AreaShape,No channel
Cells_RadialDistribution_MeanFrac_Actin_2of4,0.10300895039850119,Cells,RadialDistribution,Actin
Cytoplasm_Texture_DifferenceVariance_ER_3_03_256,0.10293609328602182,Cytoplasm,Texture,ER
Nuclei_RadialDistribution_ZernikeMagnitude_PM_6_2,0.1028572816348048,Nuclei,RadialDistribution,PM
Nuclei_Texture_SumVariance_Actin_3_01_256,0.10285364040671986,Nuclei,Texture,Actin
Nuclei_Texture_SumVariance_Actin_3_03_256,0.10275320034688584,Nuclei,Texture,Actin
Cytoplasm_Texture_InverseDifferenceMoment_ER_3_00_256,0.1027357564585683,Cytoplasm,Texture,ER
Cells_Texture_InverseDifferenceMoment_ER_3_02_256,0.10261000268974901,Cells,Texture,ER
Cells_Texture_DifferenceEntropy_ER_3_01_256,0.10257600915805296,Cells,Texture,ER
Cells_AreaShape_Zernike_0_0,0.10250493294721809,Cells,AreaShape,No channel
Nuclei_Texture_Correlation_Actin_3_01_256,0.10249100700901667,Nuclei,Texture,Actin
Cytoplasm_Correlation_Correlation_ER_Mito,0.1023981078105249,Cytoplasm,Correlation,Multiple channels
Cells_Texture_DifferenceEntropy_ER_3_02_256,0.10237797179188644,Cells,Texture,ER
Cytoplasm_Texture_DifferenceEntropy_ER_3_00_256,0.102368180715171,Cytoplasm,Texture,ER
Nuclei_Texture_SumEntropy_ER_3_00_256,0.10223548311492688,Nuclei,Texture,ER
Cells_Granularity_1_PM,0.102016568396058,Cells,Granularity,PM
Nuclei_Correlation_Overlap_ER_PM,0.10197733268898916,Nuclei,Correlation,Multiple channels
Cytoplasm_Texture_Contrast_PM_3_03_256,0.10188216840017046,Cytoplasm,Texture,PM
Nuclei_Texture_SumEntropy_ER_3_02_256,0.10160030817107202,Nuclei,Texture,ER
Cytoplasm_Texture_DifferenceVariance_Mito_3_02_256,0.10157008852576023,Cytoplasm,Texture,Mito
Cytoplasm_Texture_SumVariance_PM_3_01_256,0.10148501543810289,Cytoplasm,Texture,PM
Cytoplasm_Texture_SumVariance_PM_3_03_256,0.10144875837895724,Cytoplasm,Texture,PM
Nuclei_Texture_SumEntropy_ER_3_01_256,0.10139240370425764,Nuclei,Texture,ER
Nuclei_Texture_SumEntropy_ER_3_03_256,0.10123440983745283,Nuclei,Texture,ER
Cells_Texture_DifferenceVariance_ER_3_03_256,0.10109238311561644,Cells,Texture,ER
Cytoplasm_Correlation_RWC_DNA_PM,0.10108680118950274,Cytoplasm,Correlation,Multiple channels
Cytoplasm_Texture_DifferenceEntropy_ER_3_01_256,0.10094700816296259,Cytoplasm,Texture,ER
Cytoplasm_AreaShape_Zernike_2_0,0.1008711541795889,Cytoplasm,AreaShape,No channel
Nuclei_Correlation_Overlap_DNA_ER,0.10068292497427825,Nuclei,Correlation,Multiple channels
Cytoplasm_Correlation_RWC_Actin_Mito,0.10050258849429279,Cytoplasm,Correlation,Multiple channels
Nuclei_Intensity_UpperQuartileIntensity_Mito,0.1002541662094115,Nuclei,Intensity,Mito
Cells_Correlation_Costes_ER_DNA,0.10011752655203034,Cells,Correlation,Multiple channels
Cells_Correlation_Manders_Actin_Mito,0.10007579748085675,Cells,Correlation,Multiple channels
Cytoplasm_Texture_DifferenceVariance_Mito_3_00_256,0.09979455168828125,Cytoplasm,Texture,Mito
Cells_Texture_InfoMeas1_Actin_3_03_256,0.09978451898552647,Cells,Texture,Actin
Cytoplasm_Texture_Contrast_PM_3_01_256,0.09949420093312127,Cytoplasm,Texture,PM
Cells_RadialDistribution_ZernikeMagnitude_Mito_6_2,0.09947747807961899,Cells,RadialDistribution,Mito
Cells_RadialDistribution_FracAtD_Actin_2of4,0.09930626774118144,Cells,RadialDistribution,Actin
Cytoplasm_RadialDistribution_ZernikeMagnitude_Mito_3_1,0.09929990062960951,Cytoplasm,RadialDistribution,Mito
Cells_Correlation_RWC_Actin_PM,0.09904540515419212,Cells,Correlation,Multiple channels
Cytoplasm_Texture_DifferenceEntropy_ER_3_02_256,0.09904403547705762,Cytoplasm,Texture,ER
Cells_Correlation_RWC_Actin_Mito,0.09894728341755486,Cells,Correlation,Multiple channels
Nuclei_Intensity_MADIntensity_PM,0.09889879514081097,Nuclei,Intensity,PM
Cells_RadialDistribution_ZernikeMagnitude_Mito_5_1,0.09887021194924106,Cells,RadialDistribution,Mito
Cytoplasm_AreaShape_Extent,0.09870786589597019,Cytoplasm,AreaShape,No channel
Cytoplasm_Correlation_RWC_Actin_PM,0.09863770907445733,Cytoplasm,Correlation,Multiple channels
Nuclei_RadialDistribution_RadialCV_Actin_4of4,0.09861824492900526,Nuclei,RadialDistribution,Actin
Cells_RadialDistribution_ZernikeMagnitude_Mito_3_1,0.098579682668904,Cells,RadialDistribution,Mito
Cytoplasm_AreaShape_Solidity,0.09854507225013621,Cytoplasm,AreaShape,No channel
Cytoplasm_Texture_DifferenceVariance_Mito_3_03_256,0.09848311319611322,Cytoplasm,Texture,Mito
Cytoplasm_Texture_InfoMeas2_DNA_3_03_256,0.09845853694034991,Cytoplasm,Texture,DNA
Cells_RadialDistribution_ZernikeMagnitude_Mito_4_2,0.09844511818595654,Cells,RadialDistribution,Mito
Nuclei_AreaShape_BoundingBoxArea,0.0982838402468789,Nuclei,AreaShape,No channel
Nuclei_AreaShape_MaxFeretDiameter,0.09823938279534866,Nuclei,AreaShape,No channel
Cells_Texture_DifferenceVariance_Mito_3_02_256,0.09816351017056334,Cells,Texture,Mito
Cells_Texture_Contrast_PM_3_03_256,0.09807885624978731,Cells,Texture,PM
Cytoplasm_RadialDistribution_ZernikeMagnitude_Mito_6_2,0.09802822450230309,Cytoplasm,RadialDistribution,Mito
Cytoplasm_RadialDistribution_ZernikeMagnitude_ER_5_1,0.09795855967924039,Cytoplasm,RadialDistribution,ER
Cells_Texture_Contrast_PM_3_01_256,0.0979379051696456,Cells,Texture,PM
Cells_Texture_InverseDifferenceMoment_ER_3_03_256,0.09792974212329411,Cells,Texture,ER
Cytoplasm_Intensity_MADIntensity_ER,0.09789619767966826,Cytoplasm,Intensity,ER
Cytoplasm_RadialDistribution_RadialCV_Actin_4of4,0.09773459834639618,Cytoplasm,RadialDistribution,Actin
Cytoplasm_Granularity_1_PM,0.09770744820042568,Cytoplasm,Granularity,PM
Cells_Correlation_Overlap_Actin_Mito,0.09752734944500074,Cells,Correlation,Multiple channels
Cells_Texture_DifferenceVariance_Mito_3_00_256,0.09751713304358232,Cells,Texture,Mito
Cells_RadialDistribution_ZernikeMagnitude_PM_6_6,0.09748189698188597,Cells,RadialDistribution,PM
Cytoplasm_Texture_InverseDifferenceMoment_ER_3_03_256,0.09743576962598097,Cytoplasm,Texture,ER
Cytoplasm_RadialDistribution_RadialCV_Mito_4of4,0.0974357072619931,Cytoplasm,RadialDistribution,Mito
Cells_Texture_DifferenceEntropy_ER_3_03_256,0.09724364890936806,Cells,Texture,ER
Cytoplasm_Intensity_MinIntensityEdge_Mito,0.09714503383548462,Cytoplasm,Intensity,Mito
Cells_Intensity_MinIntensityEdge_Mito,0.09713573235555549,Cells,Intensity,Mito
Nuclei_RadialDistribution_MeanFrac_ER_4of4,0.09706529773532971,Nuclei,RadialDistribution,ER
Cytoplasm_Texture_InfoMeas1_Actin_3_03_256,0.09696452997940375,Cytoplasm,Texture,Actin
Nuclei_Intensity_LowerQuartileIntensity_DNA,0.09693353816868905,Nuclei,Intensity,DNA
Cytoplasm_Texture_DifferenceVariance_Mito_3_01_256,0.09682995278204,Cytoplasm,Texture,Mito
Nuclei_AreaShape_MajorAxisLength,0.09680098566841643,Nuclei,AreaShape,No channel
Cytoplasm_Correlation_Manders_Actin_Mito,0.0967757123158901,Cytoplasm,Correlation,Multiple channels
Cells_Correlation_K_ER_DNA,0.09667352104975568,Cells,Correlation,Multiple channels
Cells_AreaShape_Zernike_2_0,0.0966654599624816,Cells,AreaShape,No channel
Cytoplasm_RadialDistribution_ZernikeMagnitude_Mito_5_1,0.096539769855301,Cytoplasm,RadialDistribution,Mito
Cells_RadialDistribution_ZernikeMagnitude_PM_9_5,0.09632611050631179,Cells,RadialDistribution,PM
Cells_RadialDistribution_ZernikeMagnitude_PM_8_8,0.09625320408537356,Cells,RadialDistribution,PM
Cells_RadialDistribution_ZernikeMagnitude_ER_4_2,0.09620414149645486,Cells,RadialDistribution,ER
Cytoplasm_RadialDistribution_ZernikeMagnitude_Mito_2_2,0.09613858204496019,Cytoplasm,RadialDistribution,Mito
Cells_Correlation_RWC_ER_Actin,0.09608312171191175,Cells,Correlation,Multiple channels
Cytoplasm_RadialDistribution_ZernikeMagnitude_PM_9_7,0.09606713699325246,Cytoplasm,RadialDistribution,PM
Cytoplasm_RadialDistribution_ZernikeMagnitude_Mito_7_3,0.09598463124635809,Cytoplasm,RadialDistribution,Mito
Cells_Texture_DifferenceVariance_Mito_3_03_256,0.09593764665149776,Cells,Texture,Mito
Cells_Texture_InfoMeas1_Actin_3_01_256,0.09590751319824779,Cells,Texture,Actin
Cytoplasm_RadialDistribution_ZernikeMagnitude_PM_5_5,0.09589472473884726,Cytoplasm,RadialDistribution,PM
Nuclei_Correlation_Overlap_ER_Mito,0.09588816092865157,Nuclei,Correlation,Multiple channels
Cytoplasm_Correlation_RWC_ER_DNA,0.09587568850505654,Cytoplasm,Correlation,Multiple channels
Nuclei_Correlation_Correlation_ER_PM,0.09576837523547319,Nuclei,Correlation,Multiple channels
Nuclei_Intensity_MaxIntensityEdge_ER,0.09536642214806722,Nuclei,Intensity,ER
Nuclei_Correlation_RWC_DNA_PM,0.09534882684445542,Nuclei,Correlation,Multiple channels
Cytoplasm_Texture_AngularSecondMoment_ER_3_00_256,0.09533054146168707,Cytoplasm,Texture,ER
Cytoplasm_Texture_AngularSecondMoment_ER_3_02_256,0.09531486195395872,Cytoplasm,Texture,ER
Cells_Texture_Variance_PM_3_00_256,0.09526936749841387,Cells,Texture,PM
Cytoplasm_Texture_InfoMeas2_DNA_3_01_256,0.09523079570307742,Cytoplasm,Texture,DNA
Nuclei_RadialDistribution_FracAtD_ER_4of4,0.09517716118964605,Nuclei,RadialDistribution,ER
Cytoplasm_RadialDistribution_ZernikeMagnitude_ER_4_0,0.09490603157715943,Cytoplasm,RadialDistribution,ER
Nuclei_RadialDistribution_ZernikeMagnitude_PM_1_1,0.09489788516436319,Nuclei,RadialDistribution,PM
Cells_Texture_Variance_PM_3_02_256,0.09485494677102319,Cells,Texture,PM
Cytoplasm_RadialDistribution_ZernikeMagnitude_ER_6_2,0.0948506808939101,Cytoplasm,RadialDistribution,ER
Cytoplasm_Intensity_MaxIntensityEdge_ER,0.09476590016788881,Cytoplasm,Intensity,ER
Cytoplasm_Correlation_RWC_ER_Actin,0.09474106854428056,Cytoplasm,Correlation,Multiple channels
Cells_Texture_Variance_PM_3_03_256,0.0945999916011245,Cells,Texture,PM
Nuclei_RadialDistribution_ZernikeMagnitude_PM_5_1,0.09448820456825176,Nuclei,RadialDistribution,PM
Cells_Texture_Variance_PM_3_01_256,0.09446283443953395,Cells,Texture,PM
Cells_Texture_InfoMeas1_Actin_3_02_256,0.09439172303243516,Cells,Texture,Actin
Cells_AreaShape_Extent,0.09438727845104604,Cells,AreaShape,No channel
Cells_Granularity_1_Mito,0.09418409812705986,Cells,Granularity,Mito
Cells_Texture_DifferenceVariance_Mito_3_01_256,0.09418067041706697,Cells,Texture,Mito
Cytoplasm_Texture_AngularSecondMoment_ER_3_01_256,0.09401884544721567,Cytoplasm,Texture,ER
Cytoplasm_Texture_Correlation_DNA_3_02_256,0.09391915128332919,Cytoplasm,Texture,DNA
Cytoplasm_AreaShape_FormFactor,0.09389000548559709,Cytoplasm,AreaShape,No channel
Cells_Texture_SumVariance_PM_3_00_256,0.09380642163500975,Cells,Texture,PM
Cells_Granularity_1_DNA,0.09375446579180752,Cells,Granularity,DNA
Cells_Granularity_4_DNA,0.09343251662716336,Cells,Granularity,DNA
Cells_Texture_SumVariance_PM_3_02_256,0.09336742357467086,Cells,Texture,PM
Cells_RadialDistribution_ZernikeMagnitude_ER_4_0,0.09327425651378711,Cells,RadialDistribution,ER
Cytoplasm_RadialDistribution_RadialCV_Actin_3of4,0.09316442340048915,Cytoplasm,RadialDistribution,Actin
Cells_RadialDistribution_ZernikeMagnitude_Mito_8_2,0.09306931630175433,Cells,RadialDistribution,Mito
Cells_Texture_SumVariance_PM_3_03_256,0.0930322155424548,Cells,Texture,PM
Cells_Texture_SumVariance_PM_3_01_256,0.09285507628014825,Cells,Texture,PM
Cytoplasm_Texture_DifferenceEntropy_ER_3_03_256,0.09281538684708451,Cytoplasm,Texture,ER
Cytoplasm_Intensity_MedianIntensity_ER,0.09249792077458394,Cytoplasm,Intensity,ER
Nuclei_Texture_AngularSecondMoment_ER_3_02_256,0.09244709810234769,Nuclei,Texture,ER
Nuclei_Texture_AngularSecondMoment_ER_3_00_256,0.09240750185826582,Nuclei,Texture,ER
Cells_Correlation_RWC_Actin_ER,0.09224726112448854,Cells,Correlation,Multiple channels
Nuclei_RadialDistribution_ZernikeMagnitude_ER_6_0,0.09224029438138674,Nuclei,RadialDistribution,ER
Cytoplasm_Correlation_RWC_Actin_ER,0.09220573347795817,Cytoplasm,Correlation,Multiple channels
Cytoplasm_Texture_InfoMeas1_Actin_3_02_256,0.09211538468028427,Cytoplasm,Texture,Actin
Cells_RadialDistribution_ZernikeMagnitude_ER_5_1,0.09208442750748061,Cells,RadialDistribution,ER
Cells_RadialDistribution_ZernikeMagnitude_Mito_9_3,0.09199906717152066,Cells,RadialDistribution,Mito
Cells_RadialDistribution_ZernikeMagnitude_PM_8_6,0.09195288741695767,Cells,RadialDistribution,PM
Cytoplasm_RadialDistribution_RadialCV_Actin_2of4,0.09187584430034777,Cytoplasm,RadialDistribution,Actin
Cytoplasm_RadialDistribution_ZernikeMagnitude_Mito_9_1,0.09181680769210299,Cytoplasm,RadialDistribution,Mito
Cytoplasm_RadialDistribution_ZernikeMagnitude_Mito_9_3,0.0917330625850307,Cytoplasm,RadialDistribution,Mito
Cytoplasm_Texture_Correlation_DNA_3_03_256,0.09152883866002907,Cytoplasm,Texture,DNA
Cytoplasm_Texture_InfoMeas1_Actin_3_01_256,0.09150254492187952,Cytoplasm,Texture,Actin
Cells_Neighbors_PercentTouching_Adjacent,0.09140901914978306,Cells,Neighbors,No channel
Cells_RadialDistribution_RadialCV_Actin_3of4,0.0913699461082356,Cells,RadialDistribution,Actin
Cells_AreaShape_Solidity,0.09127115270527293,Cells,AreaShape,No channel
Cytoplasm_RadialDistribution_ZernikeMagnitude_ER_1_1,0.09114085170742196,Cytoplasm,RadialDistribution,ER
Cells_RadialDistribution_ZernikeMagnitude_Mito_7_3,0.0911338276690581,Cells,RadialDistribution,Mito
Cells_RadialDistribution_ZernikeMagnitude_PM_3_3,0.0911147914900872,Cells,RadialDistribution,PM
Cytoplasm_Texture_AngularSecondMoment_ER_3_03_256,0.09110963301630122,Cytoplasm,Texture,ER
Cytoplasm_AreaShape_BoundingBoxArea,0.09104562597729503,Cytoplasm,AreaShape,No channel
Cells_AreaShape_BoundingBoxArea,0.09104562597729503,Cells,AreaShape,No channel
Cells_RadialDistribution_ZernikeMagnitude_ER_6_2,0.09097595421414591,Cells,RadialDistribution,ER
Nuclei_Intensity_MaxIntensity_ER,0.0909632841553136,Nuclei,Intensity,ER
Cytoplasm_Correlation_Overlap_Actin_Mito,0.09091950455626698,Cytoplasm,Correlation,Multiple channels
Cells_Parent_Nuclei,0.09068835920511073,Cells,Parent,No channel
Cells_RadialDistribution_ZernikeMagnitude_Mito_7_1,0.09060305116615552,Cells,RadialDistribution,Mito
Cytoplasm_RadialDistribution_ZernikeMagnitude_Mito_7_1,0.0904885985522463,Cytoplasm,RadialDistribution,Mito
Cells_Correlation_Manders_Actin_DNA,0.09031441941845207,Cells,Correlation,Multiple channels
Nuclei_Texture_Correlation_PM_3_02_256,0.09026700688530416,Nuclei,Texture,PM
Cells_Texture_AngularSecondMoment_ER_3_02_256,0.09024457475479393,Cells,Texture,ER
Cells_RadialDistribution_ZernikeMagnitude_Mito_4_0,0.09001830796086727,Cells,RadialDistribution,Mito
Nuclei_Texture_Correlation_PM_3_00_256,0.08989739601751413,Nuclei,Texture,PM
Nuclei_Granularity_4_DNA,0.08989692902399006,Nuclei,Granularity,DNA
Cells_RadialDistribution_RadialCV_ER_3of4,0.08981402610796188,Cells,RadialDistribution,ER
Nuclei_Texture_AngularSecondMoment_ER_3_01_256,0.08977587667692652,Nuclei,Texture,ER
Nuclei_RadialDistribution_ZernikeMagnitude_PM_9_7,0.08969783591550046,Nuclei,RadialDistribution,PM
Cells_RadialDistribution_RadialCV_Actin_2of4,0.08953857649727227,Cells,RadialDistribution,Actin
Cytoplasm_RadialDistribution_ZernikeMagnitude_Mito_8_2,0.08950902380060836,Cytoplasm,RadialDistribution,Mito
Cells_AreaShape_FormFactor,0.08939380699081066,Cells,AreaShape,No channel
Cytoplasm_RadialDistribution_ZernikeMagnitude_PM_7_7,0.08935777692589063,Cytoplasm,RadialDistribution,PM
Cytoplasm_RadialDistribution_ZernikeMagnitude_Mito_4_0,0.08934284534339713,Cytoplasm,RadialDistribution,Mito
Cells_Texture_AngularSecondMoment_ER_3_00_256,0.08915983992027622,Cells,Texture,ER
Nuclei_Texture_AngularSecondMoment_ER_3_03_256,0.08912382398418126,Nuclei,Texture,ER
Cytoplasm_Texture_Correlation_DNA_3_01_256,0.0890363672035619,Cytoplasm,Texture,DNA
Cytoplasm_Granularity_1_Mito,0.0888750863449826,Cytoplasm,Granularity,Mito
Cytoplasm_Texture_Correlation_DNA_3_00_256,0.08881906494488202,Cytoplasm,Texture,DNA
Cells_Texture_AngularSecondMoment_ER_3_01_256,0.08873931259967939,Cells,Texture,ER
Cells_Correlation_RWC_Mito_DNA,0.08863491833278467,Cells,Correlation,Multiple channels
Nuclei_Correlation_Correlation_DNA_ER,0.08845507049862367,Nuclei,Correlation,Multiple channels
Nuclei_Intensity_IntegratedIntensity_Mito,0.08841883009970777,Nuclei,Intensity,Mito
Cells_RadialDistribution_RadialCV_DNA_4of4,0.08832507067154498,Cells,RadialDistribution,DNA
Nuclei_RadialDistribution_ZernikeMagnitude_ER_8_2,0.08824318353790997,Nuclei,RadialDistribution,ER
Cells_Texture_InfoMeas1_Actin_3_00_256,0.0882213369903498,Cells,Texture,Actin
Nuclei_Correlation_K_DNA_Mito,0.08821156147262225,Nuclei,Correlation,Multiple channels
Cytoplasm_RadialDistribution_ZernikeMagnitude_Mito_8_4,0.08814308699394553,Cytoplasm,RadialDistribution,Mito
Nuclei_Correlation_Correlation_Actin_ER,0.08796027393192592,Nuclei,Correlation,Multiple channels
Cells_Texture_Correlation_PM_3_00_256,0.087864763455955,Cells,Texture,PM
Nuclei_Intensity_StdIntensityEdge_Mito,0.08776851027893838,Nuclei,Intensity,Mito
Cytoplasm_Correlation_Manders_Mito_PM,0.08762966815616122,Cytoplasm,Correlation,Multiple channels
Cells_Texture_Correlation_PM_3_01_256,0.08745683018439925,Cells,Texture,PM
Cells_Correlation_Overlap_ER_PM,0.0874564730581359,Cells,Correlation,Multiple channels
Cytoplasm_Correlation_Overlap_DNA_ER,0.08738575769752176,Cytoplasm,Correlation,Multiple channels
Cytoplasm_Intensity_UpperQuartileIntensity_DNA,0.08716557726484975,Cytoplasm,Intensity,DNA
Cytoplasm_RadialDistribution_ZernikeMagnitude_ER_7_3,0.08708121163086514,Cytoplasm,RadialDistribution,ER
Cytoplasm_Intensity_MaxIntensity_ER,0.08707259941673835,Cytoplasm,Intensity,ER
Cytoplasm_Correlation_RWC_DNA_Actin,0.08683161522320235,Cytoplasm,Correlation,Multiple channels
Cytoplasm_RadialDistribution_ZernikeMagnitude_DNA_2_0,0.0866889573456449,Cytoplasm,RadialDistribution,DNA
Cytoplasm_RadialDistribution_ZernikeMagnitude_PM_9_9,0.08662939833167693,Cytoplasm,RadialDistribution,PM
Cells_Texture_Correlation_PM_3_02_256,0.08646854235612669,Cells,Texture,PM
Nuclei_RadialDistribution_RadialCV_Actin_1of4,0.08643241697602627,Nuclei,RadialDistribution,Actin
Cytoplasm_Granularity_2_Actin,0.08640480978937107,Cytoplasm,Granularity,Actin
Cells_Texture_InfoMeas1_Mito_3_02_256,0.08639121939640867,Cells,Texture,Mito
Cytoplasm_RadialDistribution_FracAtD_Actin_3of4,0.08638660622762472,Cytoplasm,RadialDistribution,Actin
Cells_Texture_InfoMeas1_Mito_3_03_256,0.08636394643533851,Cells,Texture,Mito
Cytoplasm_RadialDistribution_ZernikeMagnitude_Mito_6_4,0.08633777738390568,Cytoplasm,RadialDistribution,Mito
Cells_RadialDistribution_ZernikeMagnitude_PM_7_5,0.08631727309553534,Cells,RadialDistribution,PM
Cells_Granularity_2_Actin,0.08620996145917616,Cells,Granularity,Actin
Cytoplasm_RadialDistribution_ZernikeMagnitude_Mito_5_3,0.0861163866877376,Cytoplasm,RadialDistribution,Mito
Cytoplasm_RadialDistribution_ZernikeMagnitude_DNA_0_0,0.0859478651211108,Cytoplasm,RadialDistribution,DNA
Nuclei_Neighbors_FirstClosestObjectNumber_Adjacent,0.08594457732411225,Nuclei,Neighbors,No channel
Cytoplasm_Intensity_MeanIntensity_DNA,0.08593141683137606,Cytoplasm,Intensity,DNA
Cytoplasm_Correlation_Costes_ER_Actin,0.08589770459674297,Cytoplasm,Correlation,Multiple channels
Cells_Texture_InfoMeas1_Mito_3_01_256,0.08556296003378185,Cells,Texture,Mito
Cytoplasm_Texture_InfoMeas1_Actin_3_00_256,0.08555505894741101,Cytoplasm,Texture,Actin
Cells_RadialDistribution_ZernikeMagnitude_Mito_9_1,0.08545819884918703,Cells,RadialDistribution,Mito
Cells_RadialDistribution_FracAtD_Actin_1of4,0.08542886300726775,Cells,RadialDistribution,Actin
Cytoplasm_RadialDistribution_RadialCV_ER_3of4,0.08536515654715268,Cytoplasm,RadialDistribution,ER
Cytoplasm_RadialDistribution_ZernikeMagnitude_Mito_1_1,0.0852675443965889,Cytoplasm,RadialDistribution,Mito
Cells_Intensity_IntegratedIntensity_DNA,0.08525522122140844,Cells,Intensity,DNA
Cells_Correlation_Costes_ER_Actin,0.08500763184788963,Cells,Correlation,Multiple channels
Cytoplasm_Intensity_IntegratedIntensity_DNA,0.08499821427766431,Cytoplasm,Intensity,DNA
Cells_RadialDistribution_ZernikeMagnitude_Mito_2_2,0.08498820740975355,Cells,RadialDistribution,Mito
Cells_Correlation_Manders_Mito_ER,0.08475630408196806,Cells,Correlation,Multiple channels
Nuclei_Correlation_Correlation_Actin_PM,0.08467986228318226,Nuclei,Correlation,Multiple channels
Cells_Intensity_MaxIntensity_ER,0.08452150890976554,Cells,Intensity,ER
Cytoplasm_RadialDistribution_ZernikeMagnitude_ER_7_1,0.08444582644038015,Cytoplasm,RadialDistribution,ER
Cytoplasm_RadialDistribution_FracAtD_Actin_4of4,0.08422350999167609,Cytoplasm,RadialDistribution,Actin
Cells_Texture_AngularSecondMoment_ER_3_03_256,0.08420718412576819,Cells,Texture,ER
Cells_RadialDistribution_FracAtD_Mito_4of4,0.08404901843588887,Cells,RadialDistribution,Mito
Cells_Intensity_StdIntensity_DNA,0.0840305039485132,Cells,Intensity,DNA
Cells_Intensity_IntegratedIntensityEdge_DNA,0.08387395493187177,Cells,Intensity,DNA
Nuclei_Granularity_6_DNA,0.08384774096622422,Nuclei,Granularity,DNA
Nuclei_Correlation_RWC_ER_Actin,0.08377286396662453,Nuclei,Correlation,Multiple channels
Nuclei_Correlation_Correlation_DNA_Mito,0.08374735905309923,Nuclei,Correlation,Multiple channels
Cytoplasm_RadialDistribution_ZernikeMagnitude_ER_9_1,0.08372893937852652,Cytoplasm,RadialDistribution,ER
Nuclei_Correlation_RWC_Mito_PM,0.08369215547042262,Nuclei,Correlation,Multiple channels
Cytoplasm_Correlation_RWC_PM_DNA,0.08366156446339174,Cytoplasm,Correlation,Multiple channels
Cytoplasm_RadialDistribution_RadialCV_ER_2of4,0.08361170165173716,Cytoplasm,RadialDistribution,ER
Nuclei_Intensity_MeanIntensity_ER,0.08330289580737817,Nuclei,Intensity,ER
Cells_Correlation_RWC_PM_Actin,0.08329434919611117,Cells,Correlation,Multiple channels
Nuclei_RadialDistribution_ZernikeMagnitude_ER_0_0,0.08326943722897788,Nuclei,RadialDistribution,ER
Cells_AreaShape_MaxFeretDiameter,0.08321244366951884,Cells,AreaShape,No channel
Cytoplasm_AreaShape_MaxFeretDiameter,0.08321244366951884,Cytoplasm,AreaShape,No channel
Cells_RadialDistribution_ZernikeMagnitude_ER_1_1,0.08303244379000599,Cells,RadialDistribution,ER
Nuclei_RadialDistribution_RadialCV_ER_3of4,0.08296422373947612,Nuclei,RadialDistribution,ER
Nuclei_Correlation_RWC_PM_Actin,0.08292776036963895,Nuclei,Correlation,Multiple channels
Cytoplasm_RadialDistribution_RadialCV_Mito_3of4,0.08287703143453848,Cytoplasm,RadialDistribution,Mito
Nuclei_Intensity_MeanIntensity_DNA,0.08281970021625178,Nuclei,Intensity,DNA
Cells_RadialDistribution_FracAtD_ER_4of4,0.0827980622883816,Cells,RadialDistribution,ER
Nuclei_RadialDistribution_ZernikeMagnitude_DNA_0_0,0.08278304296554718,Nuclei,RadialDistribution,DNA
Cytoplasm_Correlation_Correlation_DNA_PM,0.0824811736493986,Cytoplasm,Correlation,Multiple channels
Nuclei_RadialDistribution_RadialCV_ER_4of4,0.08243370522556384,Nuclei,RadialDistribution,ER
Cells_Correlation_Manders_DNA_ER,0.0824283550398597,Cells,Correlation,Multiple channels
Nuclei_RadialDistribution_ZernikeMagnitude_PM_4_4,0.08238579260691918,Nuclei,RadialDistribution,PM
Nuclei_Intensity_StdIntensity_ER,0.08235308775152801,Nuclei,Intensity,ER
Cytoplasm_RadialDistribution_ZernikeMagnitude_Mito_9_5,0.08222470623746261,Cytoplasm,RadialDistribution,Mito
Cytoplasm_RadialDistribution_ZernikeMagnitude_ER_2_2,0.08221535572528134,Cytoplasm,RadialDistribution,ER
Cells_Texture_Correlation_PM_3_03_256,0.0821258536516298,Cells,Texture,PM
Cytoplasm_Intensity_LowerQuartileIntensity_DNA,0.08210807534952386,Cytoplasm,Intensity,DNA
Nuclei_Correlation_Correlation_DNA_PM,0.08197366330573472,Nuclei,Correlation,Multiple channels
Nuclei_RadialDistribution_ZernikeMagnitude_ER_4_2,0.0818707512178355,Nuclei,RadialDistribution,ER
Cytoplasm_Intensity_MedianIntensity_DNA,0.08185580144434176,Cytoplasm,Intensity,DNA
Cytoplasm_Correlation_K_PM_DNA,0.08180453102360227,Cytoplasm,Correlation,Multiple channels
Cells_RadialDistribution_ZernikeMagnitude_Mito_8_4,0.08168586118546353,Cells,RadialDistribution,Mito
Nuclei_Neighbors_SecondClosestObjectNumber_Adjacent,0.08158690380874388,Nuclei,Neighbors,No channel
Cytoplasm_Intensity_MADIntensity_DNA,0.08136387023944244,Cytoplasm,Intensity,DNA
Cells_RadialDistribution_ZernikeMagnitude_Mito_1_1,0.0810670553820853,Cells,RadialDistribution,Mito
Cells_Correlation_Manders_Mito_PM,0.08065727012672838,Cells,Correlation,Multiple channels
Cytoplasm_Correlation_RWC_PM_Actin,0.08062469008344884,Cytoplasm,Correlation,Multiple channels
Nuclei_RadialDistribution_ZernikeMagnitude_PM_3_3,0.08040167768022287,Nuclei,RadialDistribution,PM
Cytoplasm_Intensity_StdIntensityEdge_DNA,0.08037231244983838,Cytoplasm,Intensity,DNA
Cells_RadialDistribution_RadialCV_Actin_1of4,0.08035968613002362,Cells,RadialDistribution,Actin
Cytoplasm_Texture_InfoMeas1_Mito_3_02_256,0.08029506744198814,Cytoplasm,Texture,Mito
Nuclei_Texture_SumAverage_DNA_3_00_256,0.08026221510740704,Nuclei,Texture,DNA
Nuclei_RadialDistribution_ZernikeMagnitude_PM_7_5,0.08023824975525422,Nuclei,RadialDistribution,PM
Nuclei_Texture_SumAverage_DNA_3_02_256,0.08017079729633987,Nuclei,Texture,DNA
Cells_Neighbors_FirstClosestObjectNumber_Adjacent,0.08016547787435753,Cells,Neighbors,No channel
Cytoplasm_RadialDistribution_RadialCV_Actin_1of4,0.08011125016262925,Cytoplasm,RadialDistribution,Actin
Cells_RadialDistribution_ZernikeMagnitude_PM_9_7,0.08007799002394995,Cells,RadialDistribution,PM
Cells_RadialDistribution_RadialCV_Mito_3of4,0.08007113704208724,Cells,RadialDistribution,Mito
Nuclei_Granularity_4_Actin,0.08005516874917633,Nuclei,Granularity,Actin
Cytoplasm_AreaShape_Perimeter,0.08005382786833559,Cytoplasm,AreaShape,No channel
Cytoplasm_Number_Object_Number,0.07994824770975902,Cytoplasm,Number,No channel
Cytoplasm_RadialDistribution_ZernikeMagnitude_ER_8_2,0.07993119308066786,Cytoplasm,RadialDistribution,ER
Nuclei_Texture_SumAverage_DNA_3_03_256,0.07987973969799995,Nuclei,Texture,DNA
Nuclei_Intensity_UpperQuartileIntensity_ER,0.07987041675664357,Nuclei,Intensity,ER
Cells_RadialDistribution_ZernikeMagnitude_PM_5_5,0.07979896444063939,Cells,RadialDistribution,PM
Nuclei_Texture_InfoMeas2_ER_3_01_256,0.07975256380669433,Nuclei,Texture,ER
Cytoplasm_RadialDistribution_ZernikeMagnitude_ER_9_3,0.07953696799311925,Cytoplasm,RadialDistribution,ER
Nuclei_Correlation_RWC_DNA_Mito,0.07937492663443318,Nuclei,Correlation,Multiple channels
Nuclei_Texture_SumAverage_DNA_3_01_256,0.07936661979524946,Nuclei,Texture,DNA
Cells_RadialDistribution_ZernikeMagnitude_ER_8_2,0.07931680600366282,Cells,RadialDistribution,ER
Nuclei_Intensity_MedianIntensity_DNA,0.07930728508407299,Nuclei,Intensity,DNA
Cytoplasm_Texture_InfoMeas1_Mito_3_03_256,0.07928489743454496,Cytoplasm,Texture,Mito
Nuclei_Texture_SumAverage_ER_3_02_256,0.07907124309790549,Nuclei,Texture,ER
Cells_AreaShape_Perimeter,0.0790247895504475,Cells,AreaShape,No channel
Cells_RadialDistribution_ZernikeMagnitude_Mito_9_5,0.07898906076463584,Cells,RadialDistribution,Mito
Nuclei_Texture_SumAverage_ER_3_00_256,0.07893085334692225,Nuclei,Texture,ER
Nuclei_Intensity_MassDisplacement_Actin,0.07880063089074377,Nuclei,Intensity,Actin
Cytoplasm_RadialDistribution_ZernikeMagnitude_Mito_4_4,0.07878484681406368,Cytoplasm,RadialDistribution,Mito
Cells_Texture_InfoMeas1_Mito_3_00_256,0.07870675962877349,Cells,Texture,Mito
Nuclei_Intensity_IntegratedIntensity_ER,0.07863086213386068,Nuclei,Intensity,ER
Cells_Correlation_Manders_ER_DNA,0.07857638415818001,Cells,Correlation,Multiple channels
Cells_Correlation_K_DNA_PM,0.07856048580094024,Cells,Correlation,Multiple channels
Nuclei_Texture_InfoMeas2_ER_3_03_256,0.07853249391998263,Nuclei,Texture,ER
Cytoplasm_Texture_InfoMeas1_Mito_3_01_256,0.0785031200429165,Cytoplasm,Texture,Mito
Cells_Intensity_MinIntensityEdge_PM,0.07844702019486213,Cells,Intensity,PM
Cytoplasm_Intensity_MinIntensityEdge_PM,0.07837871832561914,Cytoplasm,Intensity,PM
Nuclei_Correlation_K_DNA_ER,0.0782011433504307,Nuclei,Correlation,Multiple channels
Cells_RadialDistribution_ZernikeMagnitude_ER_7_3,0.07819312314434236,Cells,RadialDistribution,ER
Cells_Correlation_RWC_ER_DNA,0.07817115243891186,Cells,Correlation,Multiple channels
Cytoplasm_RadialDistribution_ZernikeMagnitude_ER_8_4,0.07808222505065349,Cytoplasm,RadialDistribution,ER
Cytoplasm_RadialDistribution_ZernikeMagnitude_ER_5_3,0.07792293891938423,Cytoplasm,RadialDistribution,ER
Cells_RadialDistribution_MeanFrac_Actin_1of4,0.0778538651040266,Cells,RadialDistribution,Actin
Cytoplasm_Texture_Correlation_PM_3_00_256,0.07777446549081977,Cytoplasm,Texture,PM
Nuclei_Texture_Correlation_Mito_3_00_256,0.0775789089463763,Nuclei,Texture,Mito
Nuclei_Texture_SumAverage_ER_3_03_256,0.07757643989518387,Nuclei,Texture,ER
Cytoplasm_Correlation_Overlap_ER_PM,0.077554104971788,Cytoplasm,Correlation,Multiple channels
Nuclei_RadialDistribution_ZernikeMagnitude_PM_5_3,0.07755256524348896,Nuclei,RadialDistribution,PM
Nuclei_Texture_InfoMeas1_Mito_3_01_256,0.07751173482935354,Nuclei,Texture,Mito
Nuclei_Texture_SumAverage_ER_3_01_256,0.07716619682190354,Nuclei,Texture,ER
Cytoplasm_RadialDistribution_ZernikeMagnitude_Mito_8_6,0.07707696135630952,Cytoplasm,RadialDistribution,Mito
Nuclei_Intensity_LowerQuartileIntensity_ER,0.0770411758345544,Nuclei,Intensity,ER
Cytoplasm_Granularity_3_Mito,0.07701774607759172,Cytoplasm,Granularity,Mito
Cells_Correlation_Manders_Mito_DNA,0.07700885522021494,Cells,Correlation,Multiple channels
Cells_Correlation_RWC_PM_DNA,0.07698091264157689,Cells,Correlation,Multiple channels
Cytoplasm_Correlation_Manders_PM_ER,0.07695147046407244,Cytoplasm,Correlation,Multiple channels
Nuclei_RadialDistribution_RadialCV_Mito_4of4,0.07690708610487151,Nuclei,RadialDistribution,Mito
Cells_RadialDistribution_ZernikeMagnitude_Mito_5_3,0.07670460544309014,Cells,RadialDistribution,Mito
Nuclei_Correlation_RWC_PM_Mito,0.07666605010129834,Nuclei,Correlation,Multiple channels
Cells_RadialDistribution_ZernikeMagnitude_PM_9_9,0.07665028317866511,Cells,RadialDistribution,PM
Cytoplasm_Texture_Correlation_PM_3_02_256,0.0766231119955818,Cytoplasm,Texture,PM
Cells_Correlation_Manders_PM_ER,0.07647193912381518,Cells,Correlation,Multiple channels
Cells_RadialDistribution_ZernikeMagnitude_PM_7_7,0.07636754091925083,Cells,RadialDistribution,PM
Cytoplasm_Correlation_Overlap_ER_Mito,0.0763251063366536,Cytoplasm,Correlation,Multiple channels
Nuclei_Texture_InfoMeas1_Mito_3_00_256,0.07619692137133617,Nuclei,Texture,Mito
Nuclei_Correlation_Overlap_Actin_DNA,0.07600838193682714,Nuclei,Correlation,Multiple channels
Nuclei_RadialDistribution_MeanFrac_Mito_4of4,0.07581948153001296,Nuclei,RadialDistribution,Mito
Cells_RadialDistribution_ZernikeMagnitude_Mito_6_0,0.07573869014139757,Cells,RadialDistribution,Mito
Nuclei_RadialDistribution_MeanFrac_Mito_3of4,0.07557800453940859,Nuclei,RadialDistribution,Mito
Cells_RadialDistribution_ZernikeMagnitude_ER_9_3,0.07556617350466087,Cells,RadialDistribution,ER
Cells_RadialDistribution_MeanFrac_Mito_4of4,0.07549628899999793,Cells,RadialDistribution,Mito
Nuclei_Intensity_IntegratedIntensityEdge_DNA,0.07545653367583395,Nuclei,Intensity,DNA
Nuclei_Correlation_RWC_Actin_PM,0.07544727401901498,Nuclei,Correlation,Multiple channels
Cells_Texture_InfoMeas1_ER_3_01_256,0.07542529022049829,Cells,Texture,ER
Cells_RadialDistribution_ZernikeMagnitude_ER_7_1,0.07531439272259967,Cells,RadialDistribution,ER
Cytoplasm_RadialDistribution_ZernikeMagnitude_Mito_7_5,0.07528983423073865,Cytoplasm,RadialDistribution,Mito
Nuclei_Texture_InfoMeas2_ER_3_00_256,0.0752543720075428,Nuclei,Texture,ER
Cells_Neighbors_SecondClosestObjectNumber_Adjacent,0.07523206667375738,Cells,Neighbors,No channel
Nuclei_Texture_Correlation_PM_3_03_256,0.07514085797099807,Nuclei,Texture,PM
Nuclei_RadialDistribution_ZernikeMagnitude_PM_5_5,0.07512063535267786,Nuclei,RadialDistribution,PM
Cells_RadialDistribution_ZernikeMagnitude_ER_2_2,0.07510052567983638,Cells,RadialDistribution,ER
Nuclei_RadialDistribution_MeanFrac_PM_3of4,0.07507336111565786,Nuclei,RadialDistribution,PM
Nuclei_Texture_Correlation_PM_3_01_256,0.07498202129095903,Nuclei,Texture,PM
Cells_Texture_Correlation_Mito_3_00_256,0.07490983317999095,Cells,Texture,Mito
Nuclei_Correlation_Overlap_Mito_PM,0.07484222682052587,Nuclei,Correlation,Multiple channels
Cytoplasm_Correlation_Manders_Mito_ER,0.07483244310645026,Cytoplasm,Correlation,Multiple channels
Nuclei_Texture_Correlation_Mito_3_02_256,0.07467421307235449,Nuclei,Texture,Mito
Nuclei_RadialDistribution_ZernikeMagnitude_PM_9_9,0.0746482985001161,Nuclei,RadialDistribution,PM
Cytoplasm_RadialDistribution_ZernikeMagnitude_DNA_4_2,0.07462502032358262,Cytoplasm,RadialDistribution,DNA
Cytoplasm_Granularity_2_Mito,0.07456301926917706,Cytoplasm,Granularity,Mito
Cells_Correlation_Overlap_ER_Mito,0.074508798562889,Cells,Correlation,Multiple channels
Cytoplasm_RadialDistribution_ZernikeMagnitude_Mito_6_0,0.07444986915338274,Cytoplasm,RadialDistribution,Mito
Cytoplasm_RadialDistribution_MeanFrac_Actin_3of4,0.07438889490071773,Cytoplasm,RadialDistribution,Actin
Cells_RadialDistribution_ZernikeMagnitude_DNA_0_0,0.07375420970560327,Cells,RadialDistribution,DNA
Cells_Intensity_MeanIntensity_DNA,0.07375391328909407,Cells,Intensity,DNA
Cytoplasm_RadialDistribution_FracAtD_Actin_2of4,0.07370802984757481,Cytoplasm,RadialDistribution,Actin
Cytoplasm_Intensity_MinIntensity_Mito,0.07362320530812015,Cytoplasm,Intensity,Mito
Cells_Intensity_MinIntensity_Mito,0.07362005407217335,Cells,Intensity,Mito
Nuclei_RadialDistribution_ZernikeMagnitude_Mito_2_2,0.07347128550580014,Nuclei,RadialDistribution,Mito
Nuclei_RadialDistribution_FracAtD_Mito_3of4,0.07343999361847267,Nuclei,RadialDistribution,Mito
Nuclei_RadialDistribution_ZernikeMagnitude_PM_7_7,0.07339750700581683,Nuclei,RadialDistribution,PM
Cytoplasm_Correlation_Overlap_DNA_Mito,0.07335631420045878,Cytoplasm,Correlation,Multiple channels
Nuclei_Intensity_StdIntensityEdge_ER,0.07322651444143234,Nuclei,Intensity,ER
Cells_Texture_InfoMeas1_ER_3_00_256,0.07313309710622772,Cells,Texture,ER
Nuclei_RadialDistribution_FracAtD_PM_3of4,0.07307348939907912,Nuclei,RadialDistribution,PM
Nuclei_Texture_InfoMeas1_Mito_3_03_256,0.07303374224605279,Nuclei,Texture,Mito
Cells_RadialDistribution_ZernikeMagnitude_Mito_6_4,0.0729550858876604,Cells,RadialDistribution,Mito
Nuclei_Correlation_Correlation_ER_Mito,0.07285655736282821,Nuclei,Correlation,Multiple channels
Nuclei_RadialDistribution_ZernikeMagnitude_Mito_4_0,0.07280079797520306,Nuclei,RadialDistribution,Mito
Cells_Texture_Contrast_Mito_3_00_256,0.07276477744380169,Cells,Texture,Mito
Cytoplasm_Texture_Contrast_Mito_3_00_256,0.07273025036582513,Cytoplasm,Texture,Mito
Cytoplasm_Granularity_6_DNA,0.07256772573278392,Cytoplasm,Granularity,DNA
Cells_Granularity_2_Mito,0.07251994368225631,Cells,Granularity,Mito
Cells_Correlation_Overlap_Mito_PM,0.07240728418821887,Cells,Correlation,Multiple channels
Cytoplasm_RadialDistribution_ZernikeMagnitude_ER_6_4,0.07228695173649777,Cytoplasm,RadialDistribution,ER
Cells_RadialDistribution_RadialCV_DNA_2of4,0.07227729755978714,Cells,RadialDistribution,DNA
Cells_Granularity_6_DNA,0.07225830941810114,Cells,Granularity,DNA
Nuclei_Texture_DifferenceVariance_DNA_3_02_256,0.07224952279369673,Nuclei,Texture,DNA
Nuclei_RadialDistribution_ZernikeMagnitude_Mito_8_2,0.07217138307279766,Nuclei,RadialDistribution,Mito
Cytoplasm_Granularity_7_Mito,0.0720876184889243,Cytoplasm,Granularity,Mito
Cells_RadialDistribution_ZernikeMagnitude_ER_8_4,0.07200216285973195,Cells,RadialDistribution,ER
Nuclei_RadialDistribution_ZernikeMagnitude_ER_8_4,0.07198531765242569,Nuclei,RadialDistribution,ER
Cytoplasm_RadialDistribution_ZernikeMagnitude_DNA_3_1,0.07190834169098528,Cytoplasm,RadialDistribution,DNA
Cytoplasm_Texture_Correlation_PM_3_03_256,0.07171777968589274,Cytoplasm,Texture,PM
Nuclei_Intensity_MedianIntensity_ER,0.07170054706096322,Nuclei,Intensity,ER
Cells_Texture_Contrast_Mito_3_01_256,0.0716517225751782,Cells,Texture,Mito
Cells_Texture_Correlation_Mito_3_01_256,0.0716504132977951,Cells,Texture,Mito
Cells_AreaShape_MajorAxisLength,0.07163469560881595,Cells,AreaShape,No channel
Nuclei_Texture_Correlation_ER_3_03_256,0.07153503776843638,Nuclei,Texture,ER
Nuclei_Texture_Correlation_Mito_3_01_256,0.07135420660731118,Nuclei,Texture,Mito
Cells_RadialDistribution_MeanFrac_ER_4of4,0.07130487930548607,Cells,RadialDistribution,ER
Cytoplasm_Texture_InfoMeas1_ER_3_01_256,0.07124527244128115,Cytoplasm,Texture,ER
Cells_Texture_Contrast_Mito_3_02_256,0.07118906215066151,Cells,Texture,Mito
Nuclei_Intensity_StdIntensity_Mito,0.07111426101774586,Nuclei,Intensity,Mito
Cytoplasm_Texture_Contrast_Mito_3_02_256,0.07108868832730288,Cytoplasm,Texture,Mito
Cytoplasm_Texture_Correlation_PM_3_01_256,0.07105791792643545,Cytoplasm,Texture,PM
Cytoplasm_RadialDistribution_ZernikeMagnitude_DNA_5_1,0.0710515324505748,Cytoplasm,RadialDistribution,DNA
Nuclei_Texture_InfoMeas2_ER_3_02_256,0.07104967276763867,Nuclei,Texture,ER
Cytoplasm_RadialDistribution_ZernikeMagnitude_Mito_8_0,0.07104146949844092,Cytoplasm,RadialDistribution,Mito
Cytoplasm_RadialDistribution_ZernikeMagnitude_Mito_6_6,0.07093021539802428,Cytoplasm,RadialDistribution,Mito
Cells_Correlation_Overlap_Actin_ER,0.07091183193152598,Cells,Correlation,Multiple channels
Cytoplasm_RadialDistribution_ZernikeMagnitude_DNA_6_2,0.07073550528992906,Cytoplasm,RadialDistribution,DNA
Cytoplasm_Correlation_Overlap_Mito_PM,0.07072560829759399,Cytoplasm,Correlation,Multiple channels
Cells_Granularity_7_Mito,0.07071422132682491,Cells,Granularity,Mito
Nuclei_RadialDistribution_RadialCV_PM_4of4,0.07060889312801125,Nuclei,RadialDistribution,PM
Cells_Granularity_3_Mito,0.07056636080243307,Cells,Granularity,Mito
Cytoplasm_Texture_SumVariance_ER_3_00_256,0.07052672957028576,Cytoplasm,Texture,ER
Cytoplasm_Correlation_RWC_ER_PM,0.07046829668623807,Cytoplasm,Correlation,Multiple channels
Nuclei_Texture_InfoMeas1_Mito_3_02_256,0.07046455182807385,Nuclei,Texture,Mito
Cells_RadialDistribution_FracAtD_Mito_2of4,0.07043992977402436,Cells,RadialDistribution,Mito
Cytoplasm_Texture_SumVariance_ER_3_03_256,0.07042886787781888,Cytoplasm,Texture,ER
Nuclei_Texture_DifferenceVariance_DNA_3_00_256,0.07041361209052367,Nuclei,Texture,DNA
Cells_Texture_Correlation_DNA_3_03_256,0.07033203586241014,Cells,Texture,DNA
Cytoplasm_Texture_SumVariance_ER_3_02_256,0.0702834324691385,Cytoplasm,Texture,ER
Nuclei_Correlation_RWC_PM_DNA,0.07024295506298238,Nuclei,Correlation,Multiple channels
Cytoplasm_Texture_InfoMeas1_Mito_3_00_256,0.07023138303013506,Cytoplasm,Texture,Mito
Nuclei_RadialDistribution_MeanFrac_PM_4of4,0.07010123479836568,Nuclei,RadialDistribution,PM
Cells_RadialDistribution_FracAtD_PM_4of4,0.07008622845434544,Cells,RadialDistribution,PM
Cytoplasm_Texture_Variance_ER_3_00_256,0.0700443876994902,Cytoplasm,Texture,ER
Nuclei_RadialDistribution_RadialCV_Mito_3of4,0.07004124299184752,Nuclei,RadialDistribution,Mito
Cytoplasm_Texture_SumVariance_ER_3_01_256,0.0700136808242755,Cytoplasm,Texture,ER
Cytoplasm_RadialDistribution_ZernikeMagnitude_ER_6_0,0.06999699250319504,Cytoplasm,RadialDistribution,ER
Cytoplasm_Texture_Variance_ER_3_02_256,0.06989705378678795,Cytoplasm,Texture,ER
Nuclei_Texture_DifferenceVariance_DNA_3_03_256,0.06959678192256052,Nuclei,Texture,DNA
Nuclei_Texture_InfoMeas1_ER_3_03_256,0.06955152378436415,Nuclei,Texture,ER
Cells_Texture_Correlation_DNA_3_01_256,0.06952782728025003,Cells,Texture,DNA
Cytoplasm_RadialDistribution_ZernikeMagnitude_ER_9_5,0.06945575597782931,Cytoplasm,RadialDistribution,ER
Cytoplasm_AreaShape_MajorAxisLength,0.06939588479427623,Cytoplasm,AreaShape,No channel
Nuclei_Granularity_3_Actin,0.06937902229305562,Nuclei,Granularity,Actin
Cytoplasm_Correlation_Manders_ER_PM,0.0693696946859484,Cytoplasm,Correlation,Multiple channels
Nuclei_Texture_DifferenceVariance_DNA_3_01_256,0.06936008365167895,Nuclei,Texture,DNA
Cells_Texture_InfoMeas1_ER_3_02_256,0.06930424728971543,Cells,Texture,ER
Cells_Texture_Contrast_Mito_3_03_256,0.06925560252562506,Cells,Texture,Mito
Cytoplasm_Texture_Variance_ER_3_03_256,0.06925380336937377,Cytoplasm,Texture,ER
Cytoplasm_Intensity_IntegratedIntensityEdge_DNA,0.06922974141646977,Cytoplasm,Intensity,DNA
Nuclei_Intensity_UpperQuartileIntensity_DNA,0.06921469955249879,Nuclei,Intensity,DNA
Cytoplasm_Texture_Contrast_Mito_3_01_256,0.06898679576350839,Cytoplasm,Texture,Mito
Cells_RadialDistribution_ZernikeMagnitude_DNA_2_0,0.06891095138074843,Cells,RadialDistribution,DNA
Cytoplasm_Texture_Variance_ER_3_01_256,0.06887574951560128,Cytoplasm,Texture,ER
Nuclei_RadialDistribution_FracAtD_Mito_4of4,0.06883613042707416,Nuclei,RadialDistribution,Mito
Cytoplasm_RadialDistribution_RadialCV_ER_4of4,0.06883601594306463,Cytoplasm,RadialDistribution,ER
Nuclei_RadialDistribution_ZernikeMagnitude_ER_6_4,0.06867402479913187,Nuclei,RadialDistribution,ER
Cytoplasm_RadialDistribution_ZernikeMagnitude_Mito_8_8,0.06862598000666188,Cytoplasm,RadialDistribution,Mito
Nuclei_Granularity_5_Actin,0.06862102353240321,Nuclei,Granularity,Actin
Cytoplasm_Texture_InfoMeas1_ER_3_00_256,0.06853454458259026,Cytoplasm,Texture,ER
Cells_RadialDistribution_RadialCV_Mito_2of4,0.06848898301068668,Cells,RadialDistribution,Mito
Cells_RadialDistribution_FracAtD_ER_2of4,0.06827516035043571,Cells,RadialDistribution,ER
Cytoplasm_RadialDistribution_ZernikeMagnitude_Mito_9_7,0.06823646862333736,Cytoplasm,RadialDistribution,Mito
Cytoplasm_Intensity_MinIntensityEdge_ER,0.06817665768016498,Cytoplasm,Intensity,ER
Cells_Correlation_RWC_ER_PM,0.06816030526772401,Cells,Correlation,Multiple channels
Cells_Intensity_MinIntensityEdge_ER,0.06813281404048688,Cells,Intensity,ER
Nuclei_Texture_InfoMeas2_DNA_3_01_256,0.06808518107373839,Nuclei,Texture,DNA
Cells_RadialDistribution_ZernikeMagnitude_DNA_5_1,0.06796966069054393,Cells,RadialDistribution,DNA
Cytoplasm_Correlation_Overlap_Actin_ER,0.06790504844653565,Cytoplasm,Correlation,Multiple channels
Cells_RadialDistribution_ZernikeMagnitude_ER_5_3,0.06787851935404524,Cells,RadialDistribution,ER
Cytoplasm_Correlation_RWC_DNA_ER,0.06785504663320521,Cytoplasm,Correlation,Multiple channels
Cells_Correlation_Manders_ER_PM,0.0678285622344289,Cells,Correlation,Multiple channels
Nuclei_Texture_DifferenceEntropy_DNA_3_00_256,0.0677980281129112,Nuclei,Texture,DNA
Cells_Correlation_Costes_Mito_PM,0.06777579188285442,Cells,Correlation,Multiple channels
Cells_Intensity_StdIntensityEdge_Mito,0.06773715717536903,Cells,Intensity,Mito
Cells_Texture_Correlation_DNA_3_02_256,0.06757611406760933,Cells,Texture,DNA
Nuclei_Texture_Correlation_Mito_3_03_256,0.0675582569324103,Nuclei,Texture,Mito
Nuclei_Texture_DifferenceEntropy_DNA_3_02_256,0.06750722219559784,Nuclei,Texture,DNA
Cells_Intensity_MaxIntensityEdge_Mito,0.06717979932858167,Cells,Intensity,Mito
Cells_RadialDistribution_ZernikeMagnitude_Mito_8_0,0.06714952245185461,Cells,RadialDistribution,Mito
Cytoplasm_Texture_Contrast_Mito_3_03_256,0.06704895193116121,Cytoplasm,Texture,Mito
Cytoplasm_Intensity_MeanIntensityEdge_DNA,0.06703587773179387,Cytoplasm,Intensity,DNA
Cells_RadialDistribution_ZernikeMagnitude_Mito_4_4,0.06701554367140201,Cells,RadialDistribution,Mito
Cells_Texture_Correlation_Mito_3_02_256,0.0669299980366246,Cells,Texture,Mito
Nuclei_Texture_Contrast_ER_3_02_256,0.06680101687980719,Nuclei,Texture,ER
Cells_Intensity_MinIntensity_PM,0.06671236622478413,Cells,Intensity,PM
Cells_RadialDistribution_ZernikeMagnitude_ER_9_1,0.06667482921687039,Cells,RadialDistribution,ER
Nuclei_Texture_Correlation_ER_3_00_256,0.06652690067531736,Nuclei,Texture,ER
Cytoplasm_Intensity_MinIntensity_PM,0.06650386534957184,Cytoplasm,Intensity,PM
Cytoplasm_Correlation_Costes_Mito_PM,0.0664958357752241,Cytoplasm,Correlation,Multiple channels
Cells_RadialDistribution_ZernikeMagnitude_ER_6_0,0.06649046117197072,Cells,RadialDistribution,ER
Nuclei_RadialDistribution_ZernikeMagnitude_PM_6_6,0.06645187346750255,Nuclei,RadialDistribution,PM
Nuclei_Texture_InverseDifferenceMoment_DNA_3_02_256,0.06645167498804665,Nuclei,Texture,DNA
Nuclei_Texture_DifferenceEntropy_DNA_3_01_256,0.06643162592069142,Nuclei,Texture,DNA
Nuclei_RadialDistribution_FracAtD_PM_4of4,0.06642042538755132,Nuclei,RadialDistribution,PM
Nuclei_RadialDistribution_ZernikeMagnitude_PM_8_8,0.06636571867745339,Nuclei,RadialDistribution,PM
Cells_RadialDistribution_ZernikeMagnitude_Mito_8_6,0.06611960576128632,Cells,RadialDistribution,Mito
Nuclei_Texture_InfoMeas1_ER_3_01_256,0.06606637648378197,Nuclei,Texture,ER
Nuclei_RadialDistribution_FracAtD_ER_2of4,0.06604742481469546,Nuclei,RadialDistribution,ER
Nuclei_Texture_Contrast_PM_3_02_256,0.0660408457065813,Nuclei,Texture,PM
Cytoplasm_Texture_InfoMeas1_ER_3_02_256,0.06603833869958005,Cytoplasm,Texture,ER
Cytoplasm_RadialDistribution_RadialCV_DNA_4of4,0.06601532127442426,Cytoplasm,RadialDistribution,DNA
Cytoplasm_Correlation_Manders_PM_Mito,0.06591927135441707,Cytoplasm,Correlation,Multiple channels
Nuclei_Texture_InfoMeas1_PM_3_03_256,0.06591208419818609,Nuclei,Texture,PM
Cytoplasm_RadialDistribution_MeanFrac_Actin_4of4,0.06573893493790992,Cytoplasm,RadialDistribution,Actin
Nuclei_Texture_Contrast_ER_3_00_256,0.06566458753326662,Nuclei,Texture,ER
Cytoplasm_RadialDistribution_FracAtD_DNA_4of4,0.06566238358486531,Cytoplasm,RadialDistribution,DNA
Cells_RadialDistribution_ZernikeMagnitude_DNA_3_1,0.06559822769323184,Cells,RadialDistribution,DNA
Nuclei_RadialDistribution_ZernikeMagnitude_PM_3_1,0.06557039460092134,Nuclei,RadialDistribution,PM
Nuclei_RadialDistribution_ZernikeMagnitude_Mito_2_0,0.06554057233251978,Nuclei,RadialDistribution,Mito
Cytoplasm_RadialDistribution_ZernikeMagnitude_ER_8_0,0.06546242542517618,Cytoplasm,RadialDistribution,ER
Nuclei_RadialDistribution_MeanFrac_ER_2of4,0.06533900432521433,Nuclei,RadialDistribution,ER
Cytoplasm_Texture_Correlation_Mito_3_00_256,0.06531877502790027,Cytoplasm,Texture,Mito
Cells_Intensity_MassDisplacement_Actin,0.06531138940006888,Cells,Intensity,Actin
Nuclei_Texture_InfoMeas1_ER_3_00_256,0.06523195744635171,Nuclei,Texture,ER
Nuclei_Texture_InverseDifferenceMoment_DNA_3_00_256,0.06513655261415159,Nuclei,Texture,DNA
Nuclei_RadialDistribution_ZernikeMagnitude_DNA_2_0,0.06510579254239875,Nuclei,RadialDistribution,DNA
Nuclei_Texture_InfoMeas1_PM_3_00_256,0.06509396297186641,Nuclei,Texture,PM
Cells_RadialDistribution_ZernikeMagnitude_ER_9_5,0.06508533089419676,Cells,RadialDistribution,ER
Nuclei_Texture_DifferenceEntropy_DNA_3_03_256,0.06498929475861374,Nuclei,Texture,DNA
Cells_Correlation_Correlation_DNA_ER,0.06492832345572268,Cells,Correlation,Multiple channels
Nuclei_Granularity_6_Actin,0.06490922471422268,Nuclei,Granularity,Actin
Cells_RadialDistribution_ZernikeMagnitude_ER_6_4,0.06490234574586917,Cells,RadialDistribution,ER
Cytoplasm_Texture_InfoMeas2_ER_3_03_256,0.06484547533722679,Cytoplasm,Texture,ER
Cells_RadialDistribution_ZernikeMagnitude_Mito_7_5,0.06478621322601692,Cells,RadialDistribution,Mito
Cells_RadialDistribution_RadialCV_PM_4of4,0.0646526207363282,Cells,RadialDistribution,PM
Nuclei_RadialDistribution_MeanFrac_Mito_2of4,0.0645616319760682,Nuclei,RadialDistribution,Mito
Nuclei_Intensity_MaxIntensity_DNA,0.0645176920508752,Nuclei,Intensity,DNA
Cells_Correlation_RWC_Mito_ER,0.06428816686180468,Cells,Correlation,Multiple channels
Nuclei_Texture_Entropy_DNA_3_00_256,0.06424475929041759,Nuclei,Texture,DNA
Nuclei_Texture_Entropy_DNA_3_02_256,0.0642337813430588,Nuclei,Texture,DNA
Nuclei_Texture_InverseDifferenceMoment_DNA_3_03_256,0.06421682086906313,Nuclei,Texture,DNA
Cytoplasm_Correlation_RWC_Mito_ER,0.06413837985627867,Cytoplasm,Correlation,Multiple channels
Cells_Texture_InfoMeas1_ER_3_03_256,0.06405997807579021,Cells,Texture,ER
Cells_Texture_InfoMeas2_ER_3_03_256,0.06399486477280672,Cells,Texture,ER
Nuclei_Correlation_RWC_Mito_DNA,0.06393767680308027,Nuclei,Correlation,Multiple channels
Cytoplasm_RadialDistribution_FracAtD_Actin_1of4,0.06392870217275085,Cytoplasm,RadialDistribution,Actin
Cytoplasm_RadialDistribution_RadialCV_Mito_2of4,0.06389258001891583,Cytoplasm,RadialDistribution,Mito
Cytoplasm_RadialDistribution_ZernikeMagnitude_Mito_3_3,0.06382575570101147,Cytoplasm,RadialDistribution,Mito
Cells_Texture_Correlation_Mito_3_03_256,0.06381648470932709,Cells,Texture,Mito
Cells_Texture_InfoMeas2_ER_3_01_256,0.06380838364107765,Cells,Texture,ER
Cells_Correlation_Overlap_DNA_PM,0.0637777281203243,Cells,Correlation,Multiple channels
Cytoplasm_Texture_InfoMeas2_Mito_3_00_256,0.06375624375906129,Cytoplasm,Texture,Mito
Nuclei_Texture_InfoMeas1_PM_3_02_256,0.06371021659931857,Nuclei,Texture,PM
Nuclei_Texture_Entropy_DNA_3_03_256,0.063690202179593,Nuclei,Texture,DNA
Nuclei_Texture_InfoMeas2_DNA_3_03_256,0.06363235997478159,Nuclei,Texture,DNA
Cytoplasm_Correlation_Costes_Actin_Mito,0.06345955062915969,Cytoplasm,Correlation,Multiple channels
Nuclei_RadialDistribution_ZernikeMagnitude_ER_4_0,0.06336831549731006,Nuclei,RadialDistribution,ER
Cells_RadialDistribution_RadialCV_Mito_4of4,0.06336456876140256,Cells,RadialDistribution,Mito
Cells_Correlation_RWC_Mito_PM,0.0633600102780313,Cells,Correlation,Multiple channels
Nuclei_Texture_InverseDifferenceMoment_DNA_3_01_256,0.06332055653000766,Nuclei,Texture,DNA
Nuclei_RadialDistribution_ZernikeMagnitude_Mito_6_4,0.0633141817025162,Nuclei,RadialDistribution,Mito
Cytoplasm_Texture_Variance_Mito_3_02_256,0.06323968094504069,Cytoplasm,Texture,Mito
Cytoplasm_RadialDistribution_ZernikeMagnitude_DNA_4_0,0.06323117094380906,Cytoplasm,RadialDistribution,DNA
Cells_Texture_InfoMeas2_Mito_3_00_256,0.06322729384298048,Cells,Texture,Mito
Cells_RadialDistribution_FracAtD_ER_1of4,0.06322499678164628,Cells,RadialDistribution,ER
Cytoplasm_Granularity_4_DNA,0.0631731186390491,Cytoplasm,Granularity,DNA
Cytoplasm_Correlation_RWC_DNA_Mito,0.0631130788347195,Cytoplasm,Correlation,Multiple channels
Cytoplasm_RadialDistribution_RadialCV_PM_4of4,0.06307741101009302,Cytoplasm,RadialDistribution,PM
Cells_RadialDistribution_ZernikeMagnitude_Mito_6_6,0.0630732035121308,Cells,RadialDistribution,Mito
Cytoplasm_AreaShape_Compactness,0.0630304584735163,Cytoplasm,AreaShape,No channel
Nuclei_Correlation_Costes_ER_Actin,0.06299573067722201,Nuclei,Correlation,Multiple channels
Nuclei_RadialDistribution_ZernikeMagnitude_ER_9_1,0.06296891664059527,Nuclei,RadialDistribution,ER
Cells_RadialDistribution_RadialCV_ER_2of4,0.06283284143863184,Cells,RadialDistribution,ER
Nuclei_Texture_Contrast_ER_3_03_256,0.06283276541480415,Nuclei,Texture,ER
Cytoplasm_RadialDistribution_FracAtD_DNA_3of4,0.06282112433529215,Cytoplasm,RadialDistribution,DNA
Cytoplasm_RadialDistribution_ZernikeMagnitude_ER_7_5,0.06281520889235163,Cytoplasm,RadialDistribution,ER
Cytoplasm_RadialDistribution_MeanFrac_ER_1of4,0.06279434540577648,Cytoplasm,RadialDistribution,ER
Nuclei_Texture_InfoMeas1_ER_3_02_256,0.06272672262952939,Nuclei,Texture,ER
Nuclei_Correlation_Overlap_DNA_PM,0.0627112693839415,Nuclei,Correlation,Multiple channels
Cells_RadialDistribution_FracAtD_PM_2of4,0.06270978600402484,Cells,RadialDistribution,PM
Nuclei_Texture_Contrast_PM_3_00_256,0.06267931793382521,Nuclei,Texture,PM
Nuclei_Intensity_MADIntensity_ER,0.06265128642352859,Nuclei,Intensity,ER
Nuclei_RadialDistribution_ZernikeMagnitude_Mito_8_6,0.06264462154083578,Nuclei,RadialDistribution,Mito
Cytoplasm_Texture_Variance_Mito_3_03_256,0.06262959742043146,Cytoplasm,Texture,Mito
Cytoplasm_Texture_Variance_Mito_3_00_256,0.06262624843428692,Cytoplasm,Texture,Mito
Nuclei_RadialDistribution_ZernikeMagnitude_Mito_9_3,0.06260462970107379,Nuclei,RadialDistribution,Mito
Cytoplasm_RadialDistribution_MeanFrac_Actin_2of4,0.06255860988662038,Cytoplasm,RadialDistribution,Actin
Cells_Texture_InfoMeas2_ER_3_02_256,0.06255170400000683,Cells,Texture,ER
Nuclei_Texture_Entropy_DNA_3_01_256,0.06250266800318358,Nuclei,Texture,DNA
Cells_Correlation_Costes_Actin_Mito,0.06235934709766426,Cells,Correlation,Multiple channels
Cytoplasm_Intensity_MassDisplacement_Actin,0.06233081359247456,Cytoplasm,Intensity,Actin
Cells_RadialDistribution_ZernikeMagnitude_Mito_8_8,0.062268284027803524,Cells,RadialDistribution,Mito
Cytoplasm_Texture_InfoMeas2_ER_3_02_256,0.06220752781918669,Cytoplasm,Texture,ER
Cytoplasm_Texture_Variance_Mito_3_01_256,0.062201420052323604,Cytoplasm,Texture,Mito
Nuclei_Correlation_Overlap_DNA_Mito,0.06219764942248829,Nuclei,Correlation,Multiple channels
Cytoplasm_Texture_SumVariance_Mito_3_02_256,0.062175433047152985,Cytoplasm,Texture,Mito
Nuclei_RadialDistribution_RadialCV_PM_3of4,0.062164144756385355,Nuclei,RadialDistribution,PM
Cells_Correlation_Costes_ER_Mito,0.06201273903776702,Cells,Correlation,Multiple channels
Nuclei_Texture_Correlation_ER_3_02_256,0.061936013797730276,Nuclei,Texture,ER
Cytoplasm_Texture_SumVariance_Mito_3_00_256,0.061860944077378965,Cytoplasm,Texture,Mito
Cytoplasm_Granularity_2_PM,0.061784112018423536,Cytoplasm,Granularity,PM
Nuclei_Texture_SumEntropy_DNA_3_03_256,0.06168503721489387,Nuclei,Texture,DNA
Nuclei_Correlation_Correlation_Actin_Mito,0.06168339612421023,Nuclei,Correlation,Multiple channels
Cells_RadialDistribution_ZernikeMagnitude_DNA_6_2,0.061618147638969875,Cells,RadialDistribution,DNA
Cytoplasm_Texture_Correlation_Mito_3_01_256,0.061551025782515104,Cytoplasm,Texture,Mito
Nuclei_Texture_InfoMeas1_PM_3_01_256,0.06147749812599536,Nuclei,Texture,PM
Nuclei_Texture_Correlation_ER_3_01_256,0.06144518638329377,Nuclei,Texture,ER
Nuclei_Texture_SumEntropy_DNA_3_00_256,0.061409651688135794,Nuclei,Texture,DNA
Cells_Intensity_MaxIntensity_DNA,0.06137760117083894,Cells,Intensity,DNA
Cytoplasm_Correlation_Costes_ER_Mito,0.06136602073864906,Cytoplasm,Correlation,Multiple channels
Cells_RadialDistribution_ZernikeMagnitude_DNA_7_1,0.06134232771779053,Cells,RadialDistribution,DNA
Cells_Correlation_Costes_ER_PM,0.061270159852824115,Cells,Correlation,Multiple channels
Cytoplasm_Granularity_4_Mito,0.061202759485223975,Cytoplasm,Granularity,Mito
Nuclei_Correlation_Overlap_Actin_Mito,0.06115774462861376,Nuclei,Correlation,Multiple channels
Nuclei_RadialDistribution_ZernikeMagnitude_Mito_8_4,0.06112980077611354,Nuclei,RadialDistribution,Mito
Nuclei_RadialDistribution_FracAtD_Mito_2of4,0.06100114400588991,Nuclei,RadialDistribution,Mito
Nuclei_Texture_Contrast_ER_3_01_256,0.06097450199175626,Nuclei,Texture,ER
Nuclei_Granularity_11_DNA,0.060954734813603105,Nuclei,Granularity,DNA
Nuclei_Granularity_7_Actin,0.06094479917979729,Nuclei,Granularity,Actin
Nuclei_Intensity_MassDisplacement_ER,0.060902281937764,Nuclei,Intensity,ER
Cytoplasm_Texture_SumVariance_Mito_3_03_256,0.06083529710626107,Cytoplasm,Texture,Mito
Nuclei_Granularity_12_Mito,0.06077008382004802,Nuclei,Granularity,Mito
Cytoplasm_Texture_InfoMeas2_ER_3_01_256,0.0607685476339346,Cytoplasm,Texture,ER
Cytoplasm_Correlation_Costes_PM_Mito,0.06066233329378007,Cytoplasm,Correlation,Multiple channels
Nuclei_Correlation_RWC_ER_PM,0.060643778045794045,Nuclei,Correlation,Multiple channels
Cells_Texture_Correlation_DNA_3_00_256,0.06064002918939136,Cells,Texture,DNA
Cytoplasm_Texture_SumVariance_Mito_3_01_256,0.06063956514774641,Cytoplasm,Texture,Mito
Cytoplasm_AreaShape_Zernike_2_2,0.06060825994549817,Cytoplasm,AreaShape,No channel
Nuclei_RadialDistribution_ZernikeMagnitude_Mito_6_2,0.06058869582557358,Nuclei,RadialDistribution,Mito
Cells_AreaShape_Eccentricity,0.06052120750042258,Cells,AreaShape,No channel
Cytoplasm_Correlation_RWC_ER_Mito,0.06051264820432128,Cytoplasm,Correlation,Multiple channels
Nuclei_Texture_InfoMeas2_DNA_3_02_256,0.060489095287050924,Nuclei,Texture,DNA
Nuclei_Texture_SumEntropy_DNA_3_02_256,0.06044186463377761,Nuclei,Texture,DNA
Nuclei_Texture_SumEntropy_DNA_3_01_256,0.06033767106381753,Nuclei,Texture,DNA
Cytoplasm_Correlation_RWC_Mito_PM,0.060328708517550254,Cytoplasm,Correlation,Multiple channels
Cytoplasm_AreaShape_Eccentricity,0.06001118414391297,Cytoplasm,AreaShape,No channel
Cells_RadialDistribution_RadialCV_ER_4of4,0.05987534985387214,Cells,RadialDistribution,ER
Cytoplasm_RadialDistribution_ZernikeMagnitude_DNA_7_1,0.059859596845406815,Cytoplasm,RadialDistribution,DNA
Cells_RadialDistribution_FracAtD_DNA_2of4,0.0598008737677833,Cells,RadialDistribution,DNA
Cells_Correlation_Costes_PM_Mito,0.0597120849415181,Cells,Correlation,Multiple channels
Cells_RadialDistribution_ZernikeMagnitude_DNA_8_2,0.05965369568921527,Cells,RadialDistribution,DNA
Nuclei_Granularity_1_Mito,0.05958538759815405,Nuclei,Granularity,Mito
Cells_Granularity_6_Mito,0.059541821618571446,Cells,Granularity,Mito
Cells_AreaShape_Zernike_2_2,0.059412160765552315,Cells,AreaShape,No channel
Cells_Granularity_11_DNA,0.05940608868557296,Cells,Granularity,DNA
Nuclei_Intensity_MADIntensity_Mito,0.059205438010332866,Nuclei,Intensity,Mito
Cells_AreaShape_Compactness,0.05919141076935379,Cells,AreaShape,No channel
Cells_Texture_Variance_Mito_3_01_256,0.059127593624523,Cells,Texture,Mito
Cells_Texture_Variance_Mito_3_02_256,0.05909528865473597,Cells,Texture,Mito
Cells_Texture_Variance_Mito_3_00_256,0.059088851139540176,Cells,Texture,Mito
Nuclei_RadialDistribution_ZernikeMagnitude_Mito_9_1,0.05902243901668646,Nuclei,RadialDistribution,Mito
Cells_RadialDistribution_ZernikeMagnitude_Mito_9_7,0.058818767890438564,Cells,RadialDistribution,Mito
Cytoplasm_Correlation_Costes_ER_PM,0.05878419104425274,Cytoplasm,Correlation,Multiple channels
Nuclei_Granularity_6_Mito,0.05875854211921486,Nuclei,Granularity,Mito
Cytoplasm_RadialDistribution_ZernikeMagnitude_ER_4_4,0.05875423225693631,Cytoplasm,RadialDistribution,ER
Cells_Texture_Variance_Mito_3_03_256,0.05874876918981792,Cells,Texture,Mito
Nuclei_RadialDistribution_ZernikeMagnitude_ER_9_3,0.05863251361720521,Nuclei,RadialDistribution,ER
Cells_RadialDistribution_ZernikeMagnitude_ER_8_0,0.05857884351453236,Cells,RadialDistribution,ER
Cells_Texture_Variance_ER_3_00_256,0.05854503961167495,Cells,Texture,ER
Cytoplasm_Texture_InfoMeas1_ER_3_03_256,0.058502332100956705,Cytoplasm,Texture,ER
Cytoplasm_Granularity_8_Mito,0.058490107390350585,Cytoplasm,Granularity,Mito
Cells_Texture_Variance_ER_3_02_256,0.058488471363783864,Cells,Texture,ER
Cells_RadialDistribution_FracAtD_Mito_3of4,0.05845440846437257,Cells,RadialDistribution,Mito
Cytoplasm_Texture_InfoMeas2_ER_3_00_256,0.05839482135243037,Cytoplasm,Texture,ER
Cytoplasm_Texture_InfoMeas2_Mito_3_03_256,0.05838299816466515,Cytoplasm,Texture,Mito
Cells_Texture_SumVariance_ER_3_02_256,0.05837774147809623,Cells,Texture,ER
Nuclei_RadialDistribution_ZernikeMagnitude_Mito_9_5,0.058310740619518346,Nuclei,RadialDistribution,Mito
Cells_Texture_SumVariance_ER_3_00_256,0.05826917900876203,Cells,Texture,ER
Cytoplasm_RadialDistribution_ZernikeMagnitude_DNA_8_2,0.05817070433031555,Cytoplasm,RadialDistribution,DNA
Cells_Intensity_LowerQuartileIntensity_DNA,0.058128301444895294,Cells,Intensity,DNA
Cells_Texture_Correlation_ER_3_03_256,0.05808162773695985,Cells,Texture,ER
Cytoplasm_Granularity_3_PM,0.05806154958978698,Cytoplasm,Granularity,PM
Nuclei_Texture_InfoMeas2_DNA_3_00_256,0.05804781952906361,Nuclei,Texture,DNA
Nuclei_Correlation_RWC_Actin_ER,0.058032098058999025,Nuclei,Correlation,Multiple channels
Cytoplasm_RadialDistribution_ZernikeMagnitude_Mito_5_5,0.058006877477514256,Cytoplasm,RadialDistribution,Mito
Cytoplasm_Texture_Correlation_Mito_3_02_256,0.05795935096868466,Cytoplasm,Texture,Mito
Cells_Texture_SumVariance_Mito_3_00_256,0.05788587305852496,Cells,Texture,Mito
Cells_Texture_SumVariance_DNA_3_00_256,0.05787668764500977,Cells,Texture,DNA
Nuclei_RadialDistribution_ZernikeMagnitude_DNA_2_2,0.05785162297136196,Nuclei,RadialDistribution,DNA
Cytoplasm_Granularity_6_Mito,0.05784453079964354,Cytoplasm,Granularity,Mito
Nuclei_Correlation_RWC_Mito_ER,0.05781225237863854,Nuclei,Correlation,Multiple channels
Cells_RadialDistribution_RadialCV_PM_3of4,0.05781080354511515,Cells,RadialDistribution,PM
Cells_Texture_SumVariance_ER_3_01_256,0.05780207378908322,Cells,Texture,ER
Cytoplasm_RadialDistribution_ZernikeMagnitude_ER_8_6,0.05779225548395848,Cytoplasm,RadialDistribution,ER
Cells_Granularity_5_ER,0.05779041150167192,Cells,Granularity,ER
Cells_Texture_SumVariance_Mito_3_02_256,0.05776062262190543,Cells,Texture,Mito
Cells_Texture_Variance_ER_3_03_256,0.057720617387400835,Cells,Texture,ER
Cytoplasm_RadialDistribution_MeanFrac_DNA_4of4,0.05771797365819981,Cytoplasm,RadialDistribution,DNA
Cytoplasm_Granularity_5_ER,0.057691461066073056,Cytoplasm,Granularity,ER
Cytoplasm_RadialDistribution_ZernikeMagnitude_DNA_2_2,0.05767777731965016,Cytoplasm,RadialDistribution,DNA
Cells_Texture_Variance_ER_3_01_256,0.0576585792984517,Cells,Texture,ER
Cells_Texture_SumVariance_DNA_3_02_256,0.0576182646139445,Cells,Texture,DNA
Cells_Texture_Variance_DNA_3_00_256,0.05761712352598269,Cells,Texture,DNA
Cells_Texture_SumVariance_DNA_3_01_256,0.05753182924240108,Cells,Texture,DNA
Cells_RadialDistribution_FracAtD_Mito_1of4,0.057527310743540054,Cells,RadialDistribution,Mito
Cells_Texture_SumVariance_ER_3_03_256,0.05747737362891572,Cells,Texture,ER
Nuclei_RadialDistribution_ZernikeMagnitude_Mito_6_0,0.05747726749902224,Nuclei,RadialDistribution,Mito
Nuclei_RadialDistribution_ZernikeMagnitude_ER_1_1,0.05746154154730927,Nuclei,RadialDistribution,ER
Cytoplasm_RadialDistribution_FracAtD_DNA_2of4,0.057438284365939896,Cytoplasm,RadialDistribution,DNA
Nuclei_Granularity_8_Actin,0.05739288762427092,Nuclei,Granularity,Actin
Cells_Texture_Variance_DNA_3_02_256,0.05737478461556435,Cells,Texture,DNA
Nuclei_RadialDistribution_ZernikeMagnitude_Mito_7_3,0.05734651211364196,Nuclei,RadialDistribution,Mito
Nuclei_Granularity_5_ER,0.057310590853603224,Nuclei,Granularity,ER
Nuclei_Granularity_3_Mito,0.0573030104848343,Nuclei,Granularity,Mito
Cells_Texture_Variance_DNA_3_01_256,0.05729670489780151,Cells,Texture,DNA
Cells_Texture_InfoMeas2_ER_3_00_256,0.057193573048158045,Cells,Texture,ER
Cytoplasm_RadialDistribution_ZernikeMagnitude_ER_3_3,0.057152572668327135,Cytoplasm,RadialDistribution,ER
Nuclei_RadialDistribution_ZernikeMagnitude_Mito_1_1,0.057078853385181684,Nuclei,RadialDistribution,Mito
Cells_RadialDistribution_FracAtD_ER_3of4,0.05706500960389273,Cells,RadialDistribution,ER
Cells_Texture_SumVariance_Mito_3_03_256,0.05702597049320088,Cells,Texture,Mito
Cells_Texture_Variance_DNA_3_03_256,0.056990131269518296,Cells,Texture,DNA
Cells_Texture_SumVariance_Mito_3_01_256,0.056972057499430934,Cells,Texture,Mito
Cells_Texture_SumVariance_DNA_3_03_256,0.05696782009712862,Cells,Texture,DNA
Cytoplasm_RadialDistribution_ZernikeMagnitude_DNA_7_3,0.05694071888223471,Cytoplasm,RadialDistribution,DNA
Nuclei_Correlation_RWC_DNA_ER,0.05692973140624229,Nuclei,Correlation,Multiple channels
Nuclei_RadialDistribution_ZernikeMagnitude_ER_7_1,0.05692665247543468,Nuclei,RadialDistribution,ER
Cells_Granularity_10_Actin,0.056817476719660205,Cells,Granularity,Actin
Cells_Texture_InfoMeas2_Mito_3_03_256,0.05674588354142692,Cells,Texture,Mito
Cytoplasm_Granularity_10_Actin,0.05671971125072361,Cytoplasm,Granularity,Actin
Cytoplasm_RadialDistribution_ZernikeMagnitude_DNA_1_1,0.05668971635000222,Cytoplasm,RadialDistribution,DNA
Cells_RadialDistribution_ZernikeMagnitude_Mito_3_3,0.05663151341117054,Cells,RadialDistribution,Mito
Cytoplasm_Texture_InfoMeas2_Mito_3_01_256,0.05661343467723613,Cytoplasm,Texture,Mito
Cytoplasm_Texture_SumAverage_DNA_3_00_256,0.0566083268570196,Cytoplasm,Texture,DNA
Nuclei_Texture_Contrast_PM_3_01_256,0.056589878136222155,Nuclei,Texture,PM
Cytoplasm_AreaShape_Zernike_4_4,0.05653469208141358,Cytoplasm,AreaShape,No channel
Cells_Granularity_2_PM,0.05651937448156116,Cells,Granularity,PM
Nuclei_RadialDistribution_ZernikeMagnitude_ER_7_3,0.05651335540505661,Nuclei,RadialDistribution,ER
Cells_Intensity_MinIntensity_ER,0.05649136317580326,Cells,Intensity,ER
Cytoplasm_Texture_SumAverage_DNA_3_02_256,0.05648470613100639,Cytoplasm,Texture,DNA
Cytoplasm_Location_MaxIntensity_X_Actin,0.05648031943670337,Cytoplasm,Location,Actin
Cells_Texture_InfoMeas2_Mito_3_01_256,0.0564729140239147,Cells,Texture,Mito
Cells_Granularity_7_Actin,0.05637790156744239,Cells,Granularity,Actin
Nuclei_Granularity_11_Mito,0.05637298837772174,Nuclei,Granularity,Mito
Cells_Intensity_MinIntensityEdge_DNA,0.05628408589014295,Cells,Intensity,DNA
Cytoplasm_Intensity_MinIntensityEdge_DNA,0.05628408589014295,Cytoplasm,Intensity,DNA
Cells_RadialDistribution_ZernikeMagnitude_ER_7_5,0.056190566222314046,Cells,RadialDistribution,ER
Cells_Granularity_12_DNA,0.05616688883297623,Cells,Granularity,DNA
Cytoplasm_Texture_InfoMeas2_Mito_3_02_256,0.05615920941688671,Cytoplasm,Texture,Mito
Cells_Granularity_4_Mito,0.056141424895827324,Cells,Granularity,Mito
Cells_Location_MaxIntensity_X_Actin,0.05612818180372932,Cells,Location,Actin
Cells_Granularity_8_Mito,0.055849965634609026,Cells,Granularity,Mito
Cells_Correlation_Manders_PM_Mito,0.055807987442089195,Cells,Correlation,Multiple channels
Cytoplasm_Texture_Correlation_ER_3_01_256,0.05574696776767284,Cytoplasm,Texture,ER
Cytoplasm_RadialDistribution_ZernikeMagnitude_DNA_6_0,0.05566514872493933,Cytoplasm,RadialDistribution,DNA
Cells_RadialDistribution_RadialCV_PM_2of4,0.05562804677633455,Cells,RadialDistribution,PM
Cells_Texture_Correlation_ER_3_01_256,0.05546729552845347,Cells,Texture,ER
Cytoplasm_Correlation_Manders_DNA_ER,0.05532426791970445,Cytoplasm,Correlation,Multiple channels
Nuclei_Texture_InfoMeas1_DNA_3_01_256,0.05531676077616463,Nuclei,Texture,DNA
Cytoplasm_Texture_Correlation_ER_3_03_256,0.05529179472986652,Cytoplasm,Texture,ER
Nuclei_RadialDistribution_RadialCV_PM_1of4,0.05528953117332056,Nuclei,RadialDistribution,PM
Nuclei_Texture_Contrast_PM_3_03_256,0.055250526807044995,Nuclei,Texture,PM
Nuclei_Granularity_7_Mito,0.05519696469194318,Nuclei,Granularity,Mito
Cytoplasm_Correlation_Manders_DNA_Mito,0.05518282736693394,Cytoplasm,Correlation,Multiple channels
Nuclei_RadialDistribution_ZernikeMagnitude_Mito_7_1,0.055150775360955334,Nuclei,RadialDistribution,Mito
Nuclei_Intensity_MaxIntensityEdge_DNA,0.05508950976624147,Nuclei,Intensity,DNA
Cytoplasm_RadialDistribution_FracAtD_PM_2of4,0.05496282957009713,Cytoplasm,RadialDistribution,PM
Cytoplasm_RadialDistribution_ZernikeMagnitude_Mito_7_7,0.05495090621708851,Cytoplasm,RadialDistribution,Mito
Cytoplasm_Granularity_7_Actin,0.05492679086287076,Cytoplasm,Granularity,Actin
Nuclei_Granularity_6_ER,0.054911481682235905,Nuclei,Granularity,ER
Cells_Texture_Contrast_ER_3_00_256,0.05488594269927597,Cells,Texture,ER
Cells_Texture_Correlation_ER_3_00_256,0.054821899503795894,Cells,Texture,ER
Nuclei_Granularity_12_DNA,0.05480607856819387,Nuclei,Granularity,DNA
Cytoplasm_RadialDistribution_ZernikeMagnitude_Mito_9_9,0.05476963573425828,Cytoplasm,RadialDistribution,Mito
Cells_Correlation_RWC_Actin_DNA,0.05474530433233519,Cells,Correlation,Multiple channels
Cytoplasm_Correlation_K_Mito_DNA,0.05471698183858728,Cytoplasm,Correlation,Multiple channels
Cytoplasm_Texture_SumAverage_DNA_3_03_256,0.054711797189784514,Cytoplasm,Texture,DNA
Cytoplasm_AreaShape_Zernike_6_6,0.054655593920935344,Cytoplasm,AreaShape,No channel
Cells_Texture_Correlation_ER_3_02_256,0.054515526479850626,Cells,Texture,ER
Cytoplasm_Intensity_MinIntensity_ER,0.054498079108292456,Cytoplasm,Intensity,ER
Cells_RadialDistribution_FracAtD_PM_1of4,0.05445682266330802,Cells,RadialDistribution,PM
Cytoplasm_Texture_Correlation_Mito_3_03_256,0.05444306289074782,Cytoplasm,Texture,Mito
Cells_AreaShape_Zernike_6_6,0.054441050315555885,Cells,AreaShape,No channel
Cells_Correlation_Manders_PM_DNA,0.05433930266782981,Cells,Correlation,Multiple channels
Cytoplasm_RadialDistribution_FracAtD_PM_4of4,0.054169146430684045,Cytoplasm,RadialDistribution,PM
Nuclei_Granularity_10_Mito,0.05411774587517051,Nuclei,Granularity,Mito
Cells_Texture_InfoMeas2_Mito_3_02_256,0.05407159983201664,Cells,Texture,Mito
Cytoplasm_Texture_SumAverage_DNA_3_01_256,0.05403754754268586,Cytoplasm,Texture,DNA
Cells_RadialDistribution_ZernikeMagnitude_DNA_9_3,0.05385025728830912,Cells,RadialDistribution,DNA
Nuclei_Granularity_10_Actin,0.053757387694629385,Nuclei,Granularity,Actin
Cytoplasm_Intensity_StdIntensity_DNA,0.05368822120942026,Cytoplasm,Intensity,DNA
Nuclei_RadialDistribution_ZernikeMagnitude_DNA_4_4,0.05368246078411419,Nuclei,RadialDistribution,DNA
Cytoplasm_Correlation_Manders_ER_Mito,0.0536454130864899,Cytoplasm,Correlation,Multiple channels
Cells_Texture_Contrast_ER_3_02_256,0.05362117485192183,Cells,Texture,ER
Cytoplasm_RadialDistribution_FracAtD_Mito_4of4,0.05351132893575413,Cytoplasm,RadialDistribution,Mito
Cells_Correlation_K_DNA_ER,0.053336530021080006,Cells,Correlation,Multiple channels
Cells_Correlation_RWC_ER_Mito,0.05332436487624957,Cells,Correlation,Multiple channels
Nuclei_RadialDistribution_ZernikeMagnitude_ER_8_0,0.05303599609778848,Nuclei,RadialDistribution,ER
Nuclei_RadialDistribution_MeanFrac_ER_1of4,0.05301356507955754,Nuclei,RadialDistribution,ER
Cytoplasm_RadialDistribution_ZernikeMagnitude_DNA_6_4,0.05296049103427371,Cytoplasm,RadialDistribution,DNA
Cytoplasm_Granularity_7_DNA,0.05291031924024713,Cytoplasm,Granularity,DNA
Cytoplasm_Granularity_4_ER,0.052892599794644446,Cytoplasm,Granularity,ER
Nuclei_Texture_InfoMeas1_DNA_3_03_256,0.05283070032035351,Nuclei,Texture,DNA
Nuclei_Granularity_13_Mito,0.052804111417294325,Nuclei,Granularity,Mito
Cells_AreaShape_Zernike_4_4,0.052779103529828536,Cells,AreaShape,No channel
Cells_RadialDistribution_MeanFrac_Mito_3of4,0.052690113573419115,Cells,RadialDistribution,Mito
Nuclei_RadialDistribution_RadialCV_ER_2of4,0.05266329259673392,Nuclei,RadialDistribution,ER
Cytoplasm_RadialDistribution_ZernikeMagnitude_DNA_9_1,0.05262864531128954,Cytoplasm,RadialDistribution,DNA
Cytoplasm_RadialDistribution_ZernikeMagnitude_DNA_9_3,0.05261045567086156,Cytoplasm,RadialDistribution,DNA
Nuclei_RadialDistribution_ZernikeMagnitude_ER_8_6,0.05261025802741627,Nuclei,RadialDistribution,ER
Cells_Intensity_MeanIntensityEdge_DNA,0.05257837716094187,Cells,Intensity,DNA
Nuclei_RadialDistribution_ZernikeMagnitude_Mito_5_1,0.05254484953493798,Nuclei,RadialDistribution,Mito
Cytoplasm_RadialDistribution_MeanFrac_Actin_1of4,0.05246136133636809,Cytoplasm,RadialDistribution,Actin
Nuclei_Granularity_5_PM,0.05215262522379504,Nuclei,Granularity,PM
Nuclei_Texture_AngularSecondMoment_DNA_3_02_256,0.05199264038486703,Nuclei,Texture,DNA
Nuclei_RadialDistribution_ZernikeMagnitude_Mito_8_0,0.051940401254335945,Nuclei,RadialDistribution,Mito
Cells_RadialDistribution_ZernikeMagnitude_ER_4_4,0.05193827719346074,Cells,RadialDistribution,ER
Cells_RadialDistribution_ZernikeMagnitude_ER_8_6,0.051866193815574675,Cells,RadialDistribution,ER
Cells_Granularity_6_Actin,0.05181374920564173,Cells,Granularity,Actin
Cytoplasm_RadialDistribution_FracAtD_PM_3of4,0.05178737138411262,Cytoplasm,RadialDistribution,PM
Cells_AreaShape_BoundingBoxMaximum_X,0.05178485358654154,Cells,AreaShape,No channel
Cytoplasm_AreaShape_BoundingBoxMaximum_X,0.05178485358654154,Cytoplasm,AreaShape,No channel
Cytoplasm_AreaShape_Zernike_8_8,0.05177255620175923,Cytoplasm,AreaShape,No channel
Nuclei_RadialDistribution_RadialCV_PM_2of4,0.051753190910430985,Nuclei,RadialDistribution,PM
Cells_Granularity_5_PM,0.051479077378214104,Cells,Granularity,PM
Cells_Granularity_6_PM,0.05142382854419932,Cells,Granularity,PM
Nuclei_Granularity_9_Actin,0.05142214211603133,Nuclei,Granularity,Actin
Cytoplasm_RadialDistribution_ZernikeMagnitude_ER_9_7,0.05141233122938008,Cytoplasm,RadialDistribution,ER
Cells_Granularity_3_Actin,0.05139125816263865,Cells,Granularity,Actin
Cytoplasm_Granularity_4_PM,0.05136128327487863,Cytoplasm,Granularity,PM
Cells_Granularity_2_ER,0.0513282768945662,Cells,Granularity,ER
Cytoplasm_RadialDistribution_ZernikeMagnitude_DNA_8_4,0.05131300666759097,Cytoplasm,RadialDistribution,DNA
Nuclei_RadialDistribution_MeanFrac_Mito_1of4,0.05128438955557774,Nuclei,RadialDistribution,Mito
Cells_Granularity_4_ER,0.05120780771280114,Cells,Granularity,ER
Nuclei_RadialDistribution_ZernikeMagnitude_ER_5_1,0.05120205860528318,Nuclei,RadialDistribution,ER
Nuclei_Granularity_10_DNA,0.05117370478543845,Nuclei,Granularity,DNA
Cytoplasm_Texture_Correlation_ER_3_02_256,0.05117362577799112,Cytoplasm,Texture,ER
Cytoplasm_RadialDistribution_MeanFrac_DNA_3of4,0.051151027240967956,Cytoplasm,RadialDistribution,DNA
Cells_Correlation_Manders_ER_Mito,0.051127196925469916,Cells,Correlation,Multiple channels
Nuclei_Granularity_12_PM,0.0511265991745077,Nuclei,Granularity,PM
Cells_Granularity_3_ER,0.05109158876554541,Cells,Granularity,ER
Cells_AreaShape_Zernike_8_8,0.051085872595593725,Cells,AreaShape,No channel
Cells_Texture_Contrast_DNA_3_02_256,0.05105597698609874,Cells,Texture,DNA
Cytoplasm_Correlation_RWC_Actin_DNA,0.05099157468584011,Cytoplasm,Correlation,Multiple channels
Cytoplasm_Texture_Correlation_ER_3_00_256,0.050937007906376036,Cytoplasm,Texture,ER
Cytoplasm_Granularity_3_Actin,0.05083454502805718,Cytoplasm,Granularity,Actin
Cells_Correlation_Overlap_DNA_Mito,0.05082242678058899,Cells,Correlation,Multiple channels
Cells_Texture_Contrast_DNA_3_00_256,0.05073616960509612,Cells,Texture,DNA
Nuclei_RadialDistribution_FracAtD_PM_2of4,0.05073280960194618,Nuclei,RadialDistribution,PM
Cytoplasm_RadialDistribution_MeanFrac_PM_4of4,0.05072476613476743,Cytoplasm,RadialDistribution,PM
Cytoplasm_Granularity_6_Actin,0.05058632003263148,Cytoplasm,Granularity,Actin
Cells_Texture_Contrast_DNA_3_01_256,0.050512317311484416,Cells,Texture,DNA
Cells_RadialDistribution_ZernikeMagnitude_DNA_9_1,0.050500476420301504,Cells,RadialDistribution,DNA
Cells_Granularity_5_Mito,0.05044092927093282,Cells,Granularity,Mito
Cytoplasm_RadialDistribution_MeanFrac_Mito_4of4,0.05039613862167641,Cytoplasm,RadialDistribution,Mito
Nuclei_RadialDistribution_ZernikeMagnitude_Mito_3_3,0.050354700578515814,Nuclei,RadialDistribution,Mito
Cells_Texture_Contrast_DNA_3_03_256,0.05035346425779351,Cells,Texture,DNA
Cytoplasm_Texture_Contrast_ER_3_00_256,0.05033833396284612,Cytoplasm,Texture,ER
Cytoplasm_AreaShape_Zernike_1_1,0.05030276123638067,Cytoplasm,AreaShape,No channel
Cytoplasm_RadialDistribution_FracAtD_Mito_3of4,0.05022910881203239,Cytoplasm,RadialDistribution,Mito
Cells_RadialDistribution_MeanFrac_PM_4of4,0.05022425796651172,Cells,RadialDistribution,PM
Cells_RadialDistribution_ZernikeMagnitude_Mito_5_5,0.0502040241448622,Cells,RadialDistribution,Mito
Nuclei_Granularity_4_Mito,0.05017706705518613,Nuclei,Granularity,Mito
Nuclei_RadialDistribution_ZernikeMagnitude_ER_9_5,0.05013665879455743,Nuclei,RadialDistribution,ER
Nuclei_Intensity_IntegratedIntensity_DNA,0.05012948391688959,Nuclei,Intensity,DNA
Nuclei_Correlation_RWC_PM_ER,0.05005323089475643,Nuclei,Correlation,Multiple channels
Cells_Granularity_3_PM,0.05001457874032394,Cells,Granularity,PM
Cytoplasm_RadialDistribution_MeanFrac_ER_2of4,0.049946104073250494,Cytoplasm,RadialDistribution,ER
Nuclei_AreaShape_Zernike_2_0,0.04992862725646771,Nuclei,AreaShape,No channel
Cytoplasm_RadialDistribution_RadialCV_DNA_3of4,0.049855373517128154,Cytoplasm,RadialDistribution,DNA
Nuclei_Texture_AngularSecondMoment_DNA_3_01_256,0.04982671850476765,Nuclei,Texture,DNA
Nuclei_Granularity_6_PM,0.049769271786021245,Nuclei,Granularity,PM
Nuclei_RadialDistribution_ZernikeMagnitude_ER_6_2,0.04976597589785475,Nuclei,RadialDistribution,ER
Cytoplasm_RadialDistribution_ZernikeMagnitude_ER_6_6,0.04976352905785383,Cytoplasm,RadialDistribution,ER
Cells_Granularity_4_PM,0.04974861020625491,Cells,Granularity,PM
Cells_RadialDistribution_ZernikeMagnitude_Mito_9_9,0.049724556763579134,Cells,RadialDistribution,Mito
Nuclei_Texture_AngularSecondMoment_DNA_3_00_256,0.04970335246127683,Nuclei,Texture,DNA
Cytoplasm_RadialDistribution_MeanFrac_PM_2of4,0.04968025743307031,Cytoplasm,RadialDistribution,PM
Cytoplasm_Granularity_5_Mito,0.04967526596352471,Cytoplasm,Granularity,Mito
Nuclei_Texture_AngularSecondMoment_DNA_3_03_256,0.04963631559455539,Nuclei,Texture,DNA
Cells_Correlation_Costes_Mito_ER,0.04960014458832861,Cells,Correlation,Multiple channels
Cytoplasm_RadialDistribution_FracAtD_Mito_2of4,0.04954357831767833,Cytoplasm,RadialDistribution,Mito
Cytoplasm_Location_MaxIntensity_X_PM,0.049496304456332754,Cytoplasm,Location,PM
Nuclei_Granularity_11_Actin,0.049479319620569,Nuclei,Granularity,Actin
Cells_Texture_Contrast_ER_3_01_256,0.04945788268689569,Cells,Texture,ER
Cytoplasm_RadialDistribution_MeanFrac_DNA_2of4,0.04945473141962647,Cytoplasm,RadialDistribution,DNA
Cells_RadialDistribution_ZernikeMagnitude_DNA_4_0,0.04940603056312188,Cells,RadialDistribution,DNA
Cells_Texture_Contrast_ER_3_03_256,0.049390848854364545,Cells,Texture,ER
Cytoplasm_Granularity_6_PM,0.04938111741995767,Cytoplasm,Granularity,PM
Nuclei_Granularity_5_DNA,0.04937330183567768,Nuclei,Granularity,DNA
Cells_AreaShape_Zernike_1_1,0.04932553640446191,Cells,AreaShape,No channel
Nuclei_Texture_InfoMeas1_DNA_3_02_256,0.049315244469715025,Nuclei,Texture,DNA
Cells_Location_MaxIntensity_X_PM,0.04926769084604632,Cells,Location,PM
Nuclei_RadialDistribution_MeanFrac_PM_2of4,0.04924442599557013,Nuclei,RadialDistribution,PM
Cytoplasm_RadialDistribution_ZernikeMagnitude_DNA_5_3,0.049204812333589046,Cytoplasm,RadialDistribution,DNA
Cytoplasm_Correlation_Costes_Mito_ER,0.049173623232253764,Cytoplasm,Correlation,Multiple channels
Cells_RadialDistribution_ZernikeMagnitude_ER_3_3,0.049138299696134556,Cells,RadialDistribution,ER
Nuclei_RadialDistribution_RadialCV_Mito_2of4,0.04895468350126587,Nuclei,RadialDistribution,Mito
Nuclei_Location_MaxIntensity_X_Actin,0.048866761677375206,Nuclei,Location,Actin
Cytoplasm_Granularity_3_ER,0.048854871807970164,Cytoplasm,Granularity,ER
Nuclei_Location_CenterMassIntensity_X_Actin,0.04884027949881203,Nuclei,Location,Actin
Cytoplasm_Location_MaxIntensity_X_DNA,0.04881113801598051,Cytoplasm,Location,DNA
Nuclei_Intensity_StdIntensity_DNA,0.04875585714609774,Nuclei,Intensity,DNA
Nuclei_Location_CenterMassIntensity_X_PM,0.04873947320854782,Nuclei,Location,PM
Cytoplasm_Location_MaxIntensity_X_ER,0.04873920777735918,Cytoplasm,Location,ER
Nuclei_Location_CenterMassIntensity_X_Mito,0.04871642377269065,Nuclei,Location,Mito
Nuclei_AreaShape_Zernike_4_4,0.048707752731754386,Nuclei,AreaShape,No channel
Nuclei_Location_MaxIntensity_X_PM,0.04870148965609301,Nuclei,Location,PM
Cytoplasm_RadialDistribution_MeanFrac_Mito_2of4,0.048660903448806254,Cytoplasm,RadialDistribution,Mito
Cells_Granularity_8_Actin,0.0485996661333063,Cells,Granularity,Actin
Nuclei_Location_CenterMassIntensity_X_ER,0.04854064474329331,Nuclei,Location,ER
Nuclei_AreaShape_Zernike_0_0,0.048510067548380886,Nuclei,AreaShape,No channel
Nuclei_AreaShape_Center_X,0.048500021898329124,Nuclei,AreaShape,No channel
Nuclei_Location_CenterMassIntensity_X_DNA,0.04848936091619303,Nuclei,Location,DNA
Nuclei_RadialDistribution_ZernikeMagnitude_Mito_4_2,0.04848433565074824,Nuclei,RadialDistribution,Mito
Nuclei_RadialDistribution_FracAtD_ER_1of4,0.048443241169147215,Nuclei,RadialDistribution,ER
Cells_Location_MaxIntensity_X_Mito,0.048408443098828934,Cells,Location,Mito
Cells_Location_MaxIntensity_X_ER,0.04839394062393129,Cells,Location,ER
Cytoplasm_Correlation_Overlap_DNA_PM,0.04839292573983244,Cytoplasm,Correlation,Multiple channels
Cytoplasm_Location_MaxIntensity_X_Mito,0.04837846405839997,Cytoplasm,Location,Mito
Nuclei_AreaShape_BoundingBoxMaximum_X,0.04832962947402111,Nuclei,AreaShape,No channel
Nuclei_Granularity_5_Mito,0.048301566813399706,Nuclei,Granularity,Mito
Cytoplasm_RadialDistribution_FracAtD_ER_1of4,0.048240692925640184,Cytoplasm,RadialDistribution,ER
Cells_Granularity_1_ER,0.04821447570995688,Cells,Granularity,ER
Cells_RadialDistribution_ZernikeMagnitude_Mito_7_7,0.04817095163726611,Cells,RadialDistribution,Mito
Cytoplasm_Granularity_5_PM,0.048136664735508754,Cytoplasm,Granularity,PM
Cytoplasm_Texture_Contrast_ER_3_02_256,0.04807148853156967,Cytoplasm,Texture,ER
Cytoplasm_RadialDistribution_RadialCV_ER_1of4,0.04801379122521907,Cytoplasm,RadialDistribution,ER
Nuclei_Location_MaxIntensity_X_ER,0.04797997241730693,Nuclei,Location,ER
Nuclei_Texture_InfoMeas1_DNA_3_00_256,0.04790068157275612,Nuclei,Texture,DNA
Cytoplasm_Granularity_8_DNA,0.04788793398395732,Cytoplasm,Granularity,DNA
Cells_Location_CenterMassIntensity_X_ER,0.047881157843058596,Cells,Location,ER
Cytoplasm_Granularity_8_Actin,0.0478737922925465,Cytoplasm,Granularity,Actin
Nuclei_RadialDistribution_FracAtD_Mito_1of4,0.04782892760414623,Nuclei,RadialDistribution,Mito
Nuclei_RadialDistribution_ZernikeMagnitude_ER_2_2,0.047807303755217134,Nuclei,RadialDistribution,ER
Cytoplasm_Location_CenterMassIntensity_X_ER,0.0477939194259184,Cytoplasm,Location,ER
Cells_Location_CenterMassIntensity_X_PM,0.047702034319045974,Cells,Location,PM
Nuclei_AreaShape_BoundingBoxMinimum_X,0.04765534902186826,Nuclei,AreaShape,No channel
Cells_Location_CenterMassIntensity_X_Mito,0.047653177130716734,Cells,Location,Mito
Nuclei_Granularity_11_PM,0.04758602780757567,Nuclei,Granularity,PM
Nuclei_Granularity_4_ER,0.047572785665316114,Nuclei,Granularity,ER
Cytoplasm_Location_CenterMassIntensity_X_Mito,0.047530359281476676,Cytoplasm,Location,Mito
Cytoplasm_RadialDistribution_FracAtD_PM_1of4,0.04742717059774434,Cytoplasm,RadialDistribution,PM
Cytoplasm_Location_CenterMassIntensity_X_PM,0.04739793541068825,Cytoplasm,Location,PM
Cells_Granularity_9_Actin,0.04737214916162164,Cells,Granularity,Actin
Cytoplasm_Granularity_9_Actin,0.04731350094982746,Cytoplasm,Granularity,Actin
Cytoplasm_Granularity_2_ER,0.04726575766579327,Cytoplasm,Granularity,ER
Cells_Location_CenterMassIntensity_X_DNA,0.04726236754567581,Cells,Location,DNA
Cytoplasm_Granularity_12_DNA,0.047229933133836874,Cytoplasm,Granularity,DNA
Cells_Intensity_MedianIntensity_DNA,0.0470181358742412,Cells,Intensity,DNA
Cells_RadialDistribution_ZernikeMagnitude_DNA_4_2,0.047011499409434006,Cells,RadialDistribution,DNA
Cells_RadialDistribution_ZernikeMagnitude_DNA_1_1,0.04700810726324742,Cells,RadialDistribution,DNA
Cytoplasm_Granularity_8_PM,0.04695664388521601,Cytoplasm,Granularity,PM
Cells_AreaShape_Center_X,0.04682567132056284,Cells,AreaShape,No channel
Nuclei_AreaShape_Eccentricity,0.046817682402945975,Nuclei,AreaShape,No channel
Cytoplasm_RadialDistribution_MeanFrac_Mito_1of4,0.04678851863564018,Cytoplasm,RadialDistribution,Mito
Cells_Granularity_13_DNA,0.046770640467364774,Cells,Granularity,DNA
Cytoplasm_AreaShape_Center_X,0.04667131567799358,Cytoplasm,AreaShape,No channel
Cytoplasm_Location_Center_X,0.04667131567799358,Cytoplasm,Location,No channel
Nuclei_Location_MaxIntensity_X_DNA,0.04664619114836751,Nuclei,Location,DNA
Cells_RadialDistribution_MeanFrac_Mito_2of4,0.04661235885277785,Cells,RadialDistribution,Mito
Nuclei_Location_MaxIntensity_X_Mito,0.046603735216743734,Nuclei,Location,Mito
Cells_RadialDistribution_MeanFrac_PM_3of4,0.04655442524736345,Cells,RadialDistribution,PM
Cytoplasm_Intensity_MaxIntensityEdge_DNA,0.04643447689520063,Cytoplasm,Intensity,DNA
Nuclei_RadialDistribution_ZernikeMagnitude_DNA_6_6,0.04642356915330012,Nuclei,RadialDistribution,DNA
Cells_RadialDistribution_RadialCV_Mito_1of4,0.04642162179312841,Cells,RadialDistribution,Mito
Cytoplasm_Location_CenterMassIntensity_X_Actin,0.0463804776228851,Cytoplasm,Location,Actin
Nuclei_AreaShape_Zernike_8_6,0.04630809349471645,Nuclei,AreaShape,No channel
Nuclei_Granularity_1_DNA,0.04630373712480175,Nuclei,Granularity,DNA
Cells_Location_CenterMassIntensity_X_Actin,0.046248853803177226,Cells,Location,Actin
Cytoplasm_RadialDistribution_FracAtD_ER_2of4,0.046223585483311555,Cytoplasm,RadialDistribution,ER
Nuclei_RadialDistribution_ZernikeMagnitude_Mito_4_4,0.04618306554512422,Nuclei,RadialDistribution,Mito
Cells_Intensity_MinIntensity_DNA,0.046160880865011196,Cells,Intensity,DNA
Cytoplasm_Intensity_MinIntensity_DNA,0.04615737141758295,Cytoplasm,Intensity,DNA
Cytoplasm_RadialDistribution_ZernikeMagnitude_DNA_4_4,0.04605653483363661,Cytoplasm,RadialDistribution,DNA
Cells_RadialDistribution_ZernikeMagnitude_ER_9_7,0.04604394647891337,Cells,RadialDistribution,ER
Cells_Granularity_10_DNA,0.046031935906737445,Cells,Granularity,DNA
Nuclei_Intensity_MassDisplacement_PM,0.046015034411929535,Nuclei,Intensity,PM
Cells_RadialDistribution_FracAtD_DNA_4of4,0.04600925087689354,Cells,RadialDistribution,DNA
Cytoplasm_Correlation_Overlap_Actin_PM,0.04584056077989166,Cytoplasm,Correlation,Multiple channels
Nuclei_RadialDistribution_ZernikeMagnitude_Mito_5_5,0.04576802307401778,Nuclei,RadialDistribution,Mito
Cytoplasm_Location_CenterMassIntensity_X_DNA,0.045737765565133544,Cytoplasm,Location,DNA
Cells_Granularity_7_PM,0.045661377232045317,Cells,Granularity,PM
Cytoplasm_RadialDistribution_ZernikeMagnitude_ER_8_8,0.0456137801876971,Cytoplasm,RadialDistribution,ER
Cytoplasm_Granularity_13_Actin,0.04558959343089015,Cytoplasm,Granularity,Actin
Nuclei_Texture_Correlation_DNA_3_02_256,0.04549510864194393,Nuclei,Texture,DNA
Nuclei_Texture_Correlation_DNA_3_01_256,0.04546621934272383,Nuclei,Texture,DNA
Cytoplasm_Texture_Contrast_ER_3_03_256,0.04534704848565991,Cytoplasm,Texture,ER
Cytoplasm_RadialDistribution_FracAtD_ER_4of4,0.045278607644093936,Cytoplasm,RadialDistribution,ER
Nuclei_Granularity_12_Actin,0.04527192083651426,Nuclei,Granularity,Actin
Cytoplasm_Granularity_7_PM,0.0452685860483246,Cytoplasm,Granularity,PM
Cytoplasm_Texture_Contrast_ER_3_01_256,0.04498324973253291,Cytoplasm,Texture,ER
Nuclei_RadialDistribution_ZernikeMagnitude_ER_3_3,0.04496709900180826,Nuclei,RadialDistribution,ER
Cells_Granularity_13_Actin,0.04493680057565229,Cells,Granularity,Actin
Cells_Intensity_MADIntensity_DNA,0.04492127979116718,Cells,Intensity,DNA
Cytoplasm_RadialDistribution_FracAtD_Mito_1of4,0.04475954765404147,Cytoplasm,RadialDistribution,Mito
Nuclei_AreaShape_Zernike_2_2,0.04472784862191966,Nuclei,AreaShape,No channel
Nuclei_Correlation_RWC_ER_DNA,0.044547489667457384,Nuclei,Correlation,Multiple channels
Cells_Granularity_12_Actin,0.04453346788869231,Cells,Granularity,Actin
Cells_Granularity_6_ER,0.044473548644510405,Cells,Granularity,ER
Cytoplasm_RadialDistribution_ZernikeMagnitude_DNA_8_0,0.04444771615778895,Cytoplasm,RadialDistribution,DNA
Cells_Correlation_K_DNA_Mito,0.044393837901553615,Cells,Correlation,Multiple channels
Cells_Location_MaxIntensity_X_DNA,0.044321789262823166,Cells,Location,DNA
Cells_Correlation_Overlap_Actin_PM,0.04431392844882331,Cells,Correlation,Multiple channels
Cells_RadialDistribution_ZernikeMagnitude_ER_6_6,0.04428162380818157,Cells,RadialDistribution,ER
Cytoplasm_RadialDistribution_ZernikeMagnitude_ER_5_5,0.04427681586518069,Cytoplasm,RadialDistribution,ER
Cytoplasm_Granularity_12_Actin,0.04426626127539203,Cytoplasm,Granularity,Actin
Cells_Granularity_5_DNA,0.04420855256393586,Cells,Granularity,DNA
Cytoplasm_RadialDistribution_MeanFrac_PM_1of4,0.044208519648080195,Cytoplasm,RadialDistribution,PM
Cells_Granularity_13_Mito,0.04417814832016855,Cells,Granularity,Mito
Cells_Granularity_8_PM,0.04407560995806279,Cells,Granularity,PM
Cytoplasm_AreaShape_BoundingBoxMinimum_X,0.04406289937253618,Cytoplasm,AreaShape,No channel
Cells_AreaShape_BoundingBoxMinimum_X,0.04406289937253618,Cells,AreaShape,No channel
Cells_Granularity_4_Actin,0.0440227160623616,Cells,Granularity,Actin
Nuclei_RadialDistribution_FracAtD_DNA_4of4,0.043825969606823695,Nuclei,RadialDistribution,DNA
Cytoplasm_RadialDistribution_RadialCV_DNA_2of4,0.043752091283075105,Cytoplasm,RadialDistribution,DNA
Cytoplasm_RadialDistribution_FracAtD_ER_3of4,0.04371116865347769,Cytoplasm,RadialDistribution,ER
Cytoplasm_RadialDistribution_RadialCV_Mito_1of4,0.043671486232407575,Cytoplasm,RadialDistribution,Mito
Nuclei_Granularity_14_Actin,0.04366850274190825,Nuclei,Granularity,Actin
Cells_RadialDistribution_ZernikeMagnitude_DNA_7_3,0.04341881668363434,Cells,RadialDistribution,DNA
Nuclei_RadialDistribution_FracAtD_Actin_4of4,0.04341204827860902,Nuclei,RadialDistribution,Actin
Nuclei_RadialDistribution_ZernikeMagnitude_ER_3_1,0.04335979270558182,Nuclei,RadialDistribution,ER
Nuclei_RadialDistribution_ZernikeMagnitude_Mito_7_5,0.04316713940473201,Nuclei,RadialDistribution,Mito
Nuclei_Granularity_13_DNA,0.04315880134853178,Nuclei,Granularity,DNA
Nuclei_RadialDistribution_ZernikeMagnitude_Mito_3_1,0.04314694425331097,Nuclei,RadialDistribution,Mito
Cytoplasm_RadialDistribution_ZernikeMagnitude_DNA_9_5,0.043122260723785145,Cytoplasm,RadialDistribution,DNA
Cytoplasm_RadialDistribution_MeanFrac_ER_4of4,0.042968327514553685,Cytoplasm,RadialDistribution,ER
Cytoplasm_Granularity_11_DNA,0.04289511901176728,Cytoplasm,Granularity,DNA
Cytoplasm_Correlation_Manders_Actin_DNA,0.0428844484793178,Cytoplasm,Correlation,Multiple channels
Cells_RadialDistribution_MeanFrac_ER_1of4,0.042871436715110796,Cells,RadialDistribution,ER
Nuclei_RadialDistribution_ZernikeMagnitude_Mito_9_7,0.04286995724964354,Nuclei,RadialDistribution,Mito
Cytoplasm_RadialDistribution_FracAtD_DNA_1of4,0.042863334905278536,Cytoplasm,RadialDistribution,DNA
Nuclei_Intensity_MassDisplacement_Mito,0.04286140908131966,Nuclei,Intensity,Mito
Nuclei_RadialDistribution_ZernikeMagnitude_DNA_6_2,0.042852262234640524,Nuclei,RadialDistribution,DNA
Nuclei_Granularity_13_PM,0.04284846612203037,Nuclei,Granularity,PM
Nuclei_Granularity_13_Actin,0.04281546098889337,Nuclei,Granularity,Actin
Cytoplasm_RadialDistribution_ZernikeMagnitude_DNA_8_6,0.04278851383922151,Cytoplasm,RadialDistribution,DNA
Cytoplasm_Granularity_11_Actin,0.042659993746560446,Cytoplasm,Granularity,Actin
Cytoplasm_Granularity_14_Actin,0.04251697007870482,Cytoplasm,Granularity,Actin
Nuclei_RadialDistribution_ZernikeMagnitude_ER_9_7,0.04250805911485438,Nuclei,RadialDistribution,ER
Cytoplasm_Granularity_1_ER,0.04248561644360179,Cytoplasm,Granularity,ER
Cells_Granularity_11_Actin,0.04248134455952595,Cells,Granularity,Actin
Cells_Granularity_14_Actin,0.042466126088600245,Cells,Granularity,Actin
Cytoplasm_RadialDistribution_MeanFrac_DNA_1of4,0.04239091773033636,Cytoplasm,RadialDistribution,DNA
Cells_RadialDistribution_ZernikeMagnitude_ER_8_8,0.04235399550259462,Cells,RadialDistribution,ER
Cells_RadialDistribution_FracAtD_PM_3of4,0.04221720790069439,Cells,RadialDistribution,PM
Cells_Granularity_12_Mito,0.04217682054027951,Cells,Granularity,Mito
Nuclei_RadialDistribution_ZernikeMagnitude_DNA_3_3,0.04212163128700479,Nuclei,RadialDistribution,DNA
Cytoplasm_Granularity_6_ER,0.04206689160012146,Cytoplasm,Granularity,ER
Cytoplasm_Granularity_4_Actin,0.04204661499425643,Cytoplasm,Granularity,Actin
Nuclei_Correlation_Costes_Actin_ER,0.04201227513612536,Nuclei,Correlation,Multiple channels
Cytoplasm_Granularity_13_Mito,0.04191185146329885,Cytoplasm,Granularity,Mito
Nuclei_RadialDistribution_FracAtD_Actin_2of4,0.04190139946994924,Nuclei,RadialDistribution,Actin
Nuclei_RadialDistribution_MeanFrac_Actin_4of4,0.041621585381981775,Nuclei,RadialDistribution,Actin
Cytoplasm_Granularity_13_DNA,0.04159416831590898,Cytoplasm,Granularity,DNA
Nuclei_RadialDistribution_ZernikeMagnitude_Mito_5_3,0.04150135574499884,Nuclei,RadialDistribution,Mito
Cells_RadialDistribution_MeanFrac_DNA_2of4,0.041486666349727856,Cells,RadialDistribution,DNA
Cells_RadialDistribution_MeanFrac_ER_2of4,0.041483068068075044,Cells,RadialDistribution,ER
Cells_Granularity_13_PM,0.04094146656406706,Cells,Granularity,PM
Cells_Granularity_12_PM,0.04084188530703244,Cells,Granularity,PM
Nuclei_RadialDistribution_ZernikeMagnitude_DNA_8_0,0.040757172548090394,Nuclei,RadialDistribution,DNA
Cells_RadialDistribution_MeanFrac_Mito_1of4,0.040719407664771876,Cells,RadialDistribution,Mito
Nuclei_RadialDistribution_MeanFrac_DNA_2of4,0.04068096397106919,Nuclei,RadialDistribution,DNA
Cytoplasm_RadialDistribution_RadialCV_PM_3of4,0.04062794542543458,Cytoplasm,RadialDistribution,PM
Cytoplasm_Correlation_K_ER_DNA,0.04059780380231204,Cytoplasm,Correlation,Multiple channels
Nuclei_RadialDistribution_ZernikeMagnitude_DNA_7_7,0.0404125667229487,Nuclei,RadialDistribution,DNA
Nuclei_RadialDistribution_FracAtD_PM_1of4,0.040391354846666526,Nuclei,RadialDistribution,PM
Nuclei_RadialDistribution_FracAtD_DNA_2of4,0.040200436950895764,Nuclei,RadialDistribution,DNA
Cells_Granularity_5_Actin,0.040096990211498644,Cells,Granularity,Actin
Nuclei_Correlation_Correlation_Actin_DNA,0.0400734128800414,Nuclei,Correlation,Multiple channels
Nuclei_RadialDistribution_MeanFrac_DNA_4of4,0.04006579324795681,Nuclei,RadialDistribution,DNA
Cells_RadialDistribution_ZernikeMagnitude_DNA_6_0,0.04005357581646601,Cells,RadialDistribution,DNA
Cytoplasm_RadialDistribution_MeanFrac_Mito_3of4,0.040004889097572,Cytoplasm,RadialDistribution,Mito
Nuclei_RadialDistribution_ZernikeMagnitude_ER_5_3,0.03999823289944731,Nuclei,RadialDistribution,ER
Nuclei_Correlation_RWC_ER_Mito,0.03995051118530789,Nuclei,Correlation,Multiple channels
Nuclei_RadialDistribution_ZernikeMagnitude_DNA_8_8,0.03992360478943868,Nuclei,RadialDistribution,DNA
Cytoplasm_RadialDistribution_ZernikeMagnitude_DNA_6_6,0.039871171728081536,Cytoplasm,RadialDistribution,DNA
Nuclei_RadialDistribution_ZernikeMagnitude_DNA_1_1,0.03983140340010373,Nuclei,RadialDistribution,DNA
Cytoplasm_Granularity_12_Mito,0.03965324969299058,Cytoplasm,Granularity,Mito
Nuclei_AreaShape_Zernike_6_2,0.03962825134935324,Nuclei,AreaShape,No channel
Nuclei_RadialDistribution_ZernikeMagnitude_Mito_7_7,0.039610237711716165,Nuclei,RadialDistribution,Mito
Nuclei_RadialDistribution_ZernikeMagnitude_DNA_5_5,0.039573457902858475,Nuclei,RadialDistribution,DNA
Nuclei_Granularity_7_ER,0.03956574435090117,Nuclei,Granularity,ER
Nuclei_RadialDistribution_ZernikeMagnitude_ER_7_5,0.03945769123508571,Nuclei,RadialDistribution,ER
Nuclei_AreaShape_Zernike_4_2,0.03944137334000471,Nuclei,AreaShape,No channel
Nuclei_Texture_Correlation_DNA_3_03_256,0.039394466225177095,Nuclei,Texture,DNA
Cytoplasm_RadialDistribution_ZernikeMagnitude_DNA_7_5,0.03937306504667263,Cytoplasm,RadialDistribution,DNA
Cells_RadialDistribution_MeanFrac_DNA_4of4,0.039344146578013904,Cells,RadialDistribution,DNA
Nuclei_RadialDistribution_RadialCV_Mito_1of4,0.03923456658283566,Nuclei,RadialDistribution,Mito
Nuclei_Granularity_4_PM,0.03918431739571166,Nuclei,Granularity,PM
Cytoplasm_AreaShape_Zernike_6_4,0.039178531260181386,Cytoplasm,AreaShape,No channel
Cells_RadialDistribution_ZernikeMagnitude_ER_5_5,0.03912107225297742,Cells,RadialDistribution,ER
Cytoplasm_RadialDistribution_MeanFrac_PM_3of4,0.03909722588187157,Cytoplasm,RadialDistribution,PM
Cells_Intensity_MassDisplacement_ER,0.039045928304888976,Cells,Intensity,ER
Nuclei_Granularity_1_PM,0.038997485651295474,Nuclei,Granularity,PM
Cytoplasm_Granularity_12_PM,0.038990706211886904,Cytoplasm,Granularity,PM
Cytoplasm_Intensity_MaxIntensity_DNA,0.03896895661007634,Cytoplasm,Intensity,DNA
Cells_Intensity_MaxIntensityEdge_DNA,0.03892010914376372,Cells,Intensity,DNA
Nuclei_AreaShape_Zernike_4_0,0.038837031360604866,Nuclei,AreaShape,No channel
Cells_RadialDistribution_RadialCV_ER_1of4,0.03880923874613999,Cells,RadialDistribution,ER
Nuclei_Granularity_3_ER,0.03880624981709715,Nuclei,Granularity,ER
Nuclei_RadialDistribution_ZernikeMagnitude_DNA_9_9,0.03863750642664065,Nuclei,RadialDistribution,DNA
Nuclei_Granularity_7_PM,0.0386295977471089,Nuclei,Granularity,PM
Nuclei_Granularity_15_Actin,0.03860181765811047,Nuclei,Granularity,Actin
Nuclei_RadialDistribution_ZernikeMagnitude_DNA_8_4,0.03858957738380335,Nuclei,RadialDistribution,DNA
Nuclei_RadialDistribution_ZernikeMagnitude_DNA_6_0,0.03852842481092624,Nuclei,RadialDistribution,DNA
Cytoplasm_Granularity_5_Actin,0.03847395316694677,Cytoplasm,Granularity,Actin
Cytoplasm_Granularity_13_PM,0.03839753185287028,Cytoplasm,Granularity,PM
Nuclei_RadialDistribution_ZernikeMagnitude_Mito_9_9,0.03833550433283787,Nuclei,RadialDistribution,Mito
Cells_AreaShape_Zernike_6_4,0.03833083114529166,Cells,AreaShape,No channel
Nuclei_Granularity_14_Mito,0.038244961170931985,Nuclei,Granularity,Mito
Cytoplasm_Granularity_14_Mito,0.03818277973054821,Cytoplasm,Granularity,Mito
Cells_Granularity_14_Mito,0.03810599372148883,Cells,Granularity,Mito
Nuclei_RadialDistribution_MeanFrac_Actin_2of4,0.03805389035284001,Nuclei,RadialDistribution,Actin
Cytoplasm_AreaShape_Zernike_8_6,0.03803324329058389,Cytoplasm,AreaShape,No channel
Cells_RadialDistribution_MeanFrac_DNA_3of4,0.03799635527750525,Cells,RadialDistribution,DNA
Nuclei_Granularity_2_Mito,0.03770538006585428,Nuclei,Granularity,Mito
Cytoplasm_Intensity_MassDisplacement_ER,0.037653021320929916,Cytoplasm,Intensity,ER
Nuclei_Texture_Correlation_DNA_3_00_256,0.03764442873567477,Nuclei,Texture,DNA
Nuclei_Granularity_2_ER,0.03755223372477346,Nuclei,Granularity,ER
Cells_Intensity_MassDisplacement_PM,0.037546530989253014,Cells,Intensity,PM
Cells_AreaShape_Zernike_3_3,0.037509346263890686,Cells,AreaShape,No channel
Cytoplasm_Granularity_15_Actin,0.0374335172678582,Cytoplasm,Granularity,Actin
Cells_Granularity_15_Actin,0.03731106822443153,Cells,Granularity,Actin
Cytoplasm_AreaShape_Zernike_4_2,0.037122662261341755,Cytoplasm,AreaShape,No channel
Nuclei_RadialDistribution_FracAtD_Actin_1of4,0.037094290919326464,Nuclei,RadialDistribution,Actin
Cytoplasm_RadialDistribution_ZernikeMagnitude_ER_7_7,0.03707798766670675,Cytoplasm,RadialDistribution,ER
Cytoplasm_AreaShape_Zernike_3_3,0.03706855355751527,Cytoplasm,AreaShape,No channel
Cytoplasm_RadialDistribution_ZernikeMagnitude_DNA_8_8,0.037012850397967194,Cytoplasm,RadialDistribution,DNA
Nuclei_Granularity_10_PM,0.0369909020058572,Nuclei,Granularity,PM
Cells_Granularity_14_PM,0.03696694085055667,Cells,Granularity,PM
Nuclei_RadialDistribution_ZernikeMagnitude_Mito_6_6,0.03686859519848595,Nuclei,RadialDistribution,Mito
Cytoplasm_Granularity_14_PM,0.03657469377257599,Cytoplasm,Granularity,PM
Cells_AreaShape_Zernike_8_6,0.036519051397733086,Cells,AreaShape,No channel
Cells_AreaShape_Zernike_4_2,0.03628464028444522,Cells,AreaShape,No channel
Nuclei_RadialDistribution_FracAtD_DNA_3of4,0.03628018102909813,Nuclei,RadialDistribution,DNA
Cells_Granularity_11_Mito,0.036232397613012265,Cells,Granularity,Mito
Nuclei_RadialDistribution_ZernikeMagnitude_DNA_5_3,0.03622368694209684,Nuclei,RadialDistribution,DNA
Nuclei_Granularity_2_Actin,0.036217557267157155,Nuclei,Granularity,Actin
Nuclei_RadialDistribution_MeanFrac_PM_1of4,0.03619772631932037,Nuclei,RadialDistribution,PM
Cytoplasm_RadialDistribution_ZernikeMagnitude_ER_9_9,0.03594676173084341,Cytoplasm,RadialDistribution,ER
Cytoplasm_AreaShape_Zernike_3_1,0.03586797938806265,Cytoplasm,AreaShape,No channel
Nuclei_Granularity_8_PM,0.0357517706348918,Nuclei,Granularity,PM
Nuclei_RadialDistribution_ZernikeMagnitude_DNA_7_5,0.035750302044623615,Nuclei,RadialDistribution,DNA
Cytoplasm_Granularity_9_Mito,0.03570019602786688,Cytoplasm,Granularity,Mito
Nuclei_Granularity_9_DNA,0.035590009302957006,Nuclei,Granularity,DNA
Nuclei_RadialDistribution_FracAtD_Actin_3of4,0.03550601065603173,Nuclei,RadialDistribution,Actin
Nuclei_Texture_Variance_ER_3_00_256,0.03550147554891482,Nuclei,Texture,ER
Cytoplasm_Correlation_Manders_DNA_PM,0.03548116823310241,Cytoplasm,Correlation,Multiple channels
Nuclei_RadialDistribution_ZernikeMagnitude_DNA_5_1,0.03547439398771025,Nuclei,RadialDistribution,DNA
Cells_RadialDistribution_RadialCV_DNA_3of4,0.035467854848165045,Cells,RadialDistribution,DNA
Nuclei_Granularity_1_ER,0.035407398041863235,Nuclei,Granularity,ER
Cells_RadialDistribution_ZernikeMagnitude_DNA_8_0,0.03538406219366508,Cells,RadialDistribution,DNA
Cytoplasm_Granularity_9_PM,0.03538084617632792,Cytoplasm,Granularity,PM
Nuclei_Texture_Variance_ER_3_02_256,0.03536003540138511,Nuclei,Texture,ER
Cytoplasm_AreaShape_Zernike_5_5,0.0353156882473774,Cytoplasm,AreaShape,No channel
Nuclei_RadialDistribution_ZernikeMagnitude_DNA_9_7,0.03529589568888785,Nuclei,RadialDistribution,DNA
Nuclei_RadialDistribution_ZernikeMagnitude_ER_9_9,0.03515374767687344,Nuclei,RadialDistribution,ER
Cells_AreaShape_Zernike_3_1,0.035104665100201576,Cells,AreaShape,No channel
Nuclei_AreaShape_Zernike_6_6,0.03503854771262742,Nuclei,AreaShape,No channel
Nuclei_Intensity_MADIntensity_DNA,0.03496606740670885,Nuclei,Intensity,DNA
Nuclei_Granularity_7_DNA,0.0349593281231875,Nuclei,Granularity,DNA
Cytoplasm_Intensity_MassDisplacement_PM,0.034954956714112584,Cytoplasm,Intensity,PM
Nuclei_Texture_Contrast_DNA_3_00_256,0.034891828510785566,Nuclei,Texture,DNA
Nuclei_Granularity_11_ER,0.03487629527728795,Nuclei,Granularity,ER
Nuclei_RadialDistribution_ZernikeMagnitude_Mito_8_8,0.03484643760027857,Nuclei,RadialDistribution,Mito
Nuclei_Texture_Variance_ER_3_01_256,0.034715405715923006,Nuclei,Texture,ER
Nuclei_Texture_Variance_ER_3_03_256,0.034690534925316555,Nuclei,Texture,ER
Nuclei_Granularity_9_Mito,0.034619479836962445,Nuclei,Granularity,Mito
Cells_AreaShape_BoundingBoxMinimum_Y,0.034576547469402044,Cells,AreaShape,No channel
Cytoplasm_AreaShape_BoundingBoxMinimum_Y,0.034576547469402044,Cytoplasm,AreaShape,No channel
Nuclei_Texture_Contrast_DNA_3_02_256,0.03453882464999605,Nuclei,Texture,DNA
Cytoplasm_Granularity_11_Mito,0.03429859616853851,Cytoplasm,Granularity,Mito
Nuclei_RadialDistribution_ZernikeMagnitude_ER_7_7,0.033926548192825805,Nuclei,RadialDistribution,ER
Cytoplasm_RadialDistribution_ZernikeMagnitude_DNA_3_3,0.03392564973446052,Cytoplasm,RadialDistribution,DNA
Cells_Granularity_9_PM,0.03386171002836028,Cells,Granularity,PM
Nuclei_RadialDistribution_ZernikeMagnitude_DNA_7_1,0.033834550863345816,Nuclei,RadialDistribution,DNA
Cytoplasm_Granularity_15_Mito,0.03376581874741612,Cytoplasm,Granularity,Mito
Nuclei_AreaShape_Zernike_8_8,0.033741864733323225,Nuclei,AreaShape,No channel
Cells_Granularity_15_Mito,0.033716595884537154,Cells,Granularity,Mito
Cells_Granularity_9_Mito,0.03371079597937199,Cells,Granularity,Mito
Cells_AreaShape_Zernike_5_5,0.0336781819968799,Cells,AreaShape,No channel
Nuclei_RadialDistribution_ZernikeMagnitude_DNA_8_6,0.0336710009775105,Nuclei,RadialDistribution,DNA
Nuclei_Granularity_8_Mito,0.033670743376671676,Nuclei,Granularity,Mito
Cells_AreaShape_Zernike_7_7,0.03356875899789111,Cells,AreaShape,No channel
Cells_RadialDistribution_ZernikeMagnitude_ER_7_7,0.03348533694288103,Cells,RadialDistribution,ER
Nuclei_RadialDistribution_ZernikeMagnitude_ER_4_4,0.03348527125898349,Nuclei,RadialDistribution,ER
Nuclei_AreaShape_Zernike_8_2,0.0333674172870309,Nuclei,AreaShape,No channel
Nuclei_Granularity_3_PM,0.03326525923747343,Nuclei,Granularity,PM
Nuclei_RadialDistribution_ZernikeMagnitude_ER_5_5,0.03311929430499798,Nuclei,RadialDistribution,ER
Cytoplasm_AreaShape_Zernike_7_7,0.03310173030662246,Cytoplasm,AreaShape,No channel
Nuclei_Granularity_14_PM,0.03307923628738919,Nuclei,Granularity,PM
Nuclei_RadialDistribution_ZernikeMagnitude_DNA_9_5,0.03291356926166257,Nuclei,RadialDistribution,DNA
Cells_Granularity_11_PM,0.03289903014406075,Cells,Granularity,PM
Cells_Intensity_StdIntensityEdge_DNA,0.03287939644174522,Cells,Intensity,DNA
Nuclei_RadialDistribution_ZernikeMagnitude_DNA_7_3,0.032794042366157954,Nuclei,RadialDistribution,DNA
Nuclei_Texture_SumVariance_ER_3_02_256,0.032793420983920074,Nuclei,Texture,ER
Cells_RadialDistribution_ZernikeMagnitude_ER_9_9,0.03276717224889829,Cells,RadialDistribution,ER
Nuclei_Granularity_9_PM,0.0326928315519588,Nuclei,Granularity,PM
Nuclei_Texture_SumVariance_ER_3_00_256,0.0326142194099363,Nuclei,Texture,ER
Nuclei_RadialDistribution_ZernikeMagnitude_ER_2_0,0.03258267111101184,Nuclei,RadialDistribution,ER
Cytoplasm_RadialDistribution_ZernikeMagnitude_DNA_9_7,0.032488961056402366,Cytoplasm,RadialDistribution,DNA
Cytoplasm_RadialDistribution_MeanFrac_ER_3of4,0.03242095416861698,Cytoplasm,RadialDistribution,ER
Nuclei_RadialDistribution_ZernikeMagnitude_DNA_9_1,0.03230435775512297,Nuclei,RadialDistribution,DNA
Nuclei_RadialDistribution_ZernikeMagnitude_DNA_4_2,0.032301843991212456,Nuclei,RadialDistribution,DNA
Cytoplasm_Granularity_9_DNA,0.03220561155518428,Cytoplasm,Granularity,DNA
Nuclei_RadialDistribution_RadialCV_DNA_1of4,0.03218083665643568,Nuclei,RadialDistribution,DNA
Nuclei_Texture_Contrast_Mito_3_00_256,0.03215775542148004,Nuclei,Texture,Mito
Nuclei_RadialDistribution_MeanFrac_Actin_3of4,0.03214041732801171,Nuclei,RadialDistribution,Actin
Cells_RadialDistribution_MeanFrac_PM_1of4,0.032019448929217396,Cells,RadialDistribution,PM
Cytoplasm_RadialDistribution_RadialCV_PM_2of4,0.03201251393900105,Cytoplasm,RadialDistribution,PM
Cells_Correlation_Overlap_Actin_DNA,0.03199191697646008,Cells,Correlation,Multiple channels
Nuclei_AreaShape_FormFactor,0.03197569991687443,Nuclei,AreaShape,No channel
Cytoplasm_Granularity_16_Mito,0.03195116935602233,Cytoplasm,Granularity,Mito
Nuclei_Texture_Contrast_DNA_3_03_256,0.031945926714228544,Nuclei,Texture,DNA
Nuclei_RadialDistribution_ZernikeMagnitude_DNA_9_3,0.031877814709123584,Nuclei,RadialDistribution,DNA
Cells_RadialDistribution_MeanFrac_ER_3of4,0.0318509621928286,Cells,RadialDistribution,ER
Nuclei_Texture_Variance_PM_3_02_256,0.03175003047742937,Nuclei,Texture,PM
Nuclei_AreaShape_Zernike_6_4,0.031704365711069604,Nuclei,AreaShape,No channel
Cytoplasm_Correlation_Overlap_Actin_DNA,0.03166524802388293,Cytoplasm,Correlation,Multiple channels
Nuclei_Granularity_2_PM,0.03165911888269142,Nuclei,Granularity,PM
Nuclei_Texture_Variance_PM_3_00_256,0.03159343772596982,Nuclei,Texture,PM
Cells_RadialDistribution_MeanFrac_PM_2of4,0.03155880523298145,Cells,RadialDistribution,PM
Cells_Granularity_10_ER,0.03155012318605477,Cells,Granularity,ER
Nuclei_RadialDistribution_RadialCV_ER_1of4,0.03154151375544897,Nuclei,RadialDistribution,ER
Cytoplasm_Granularity_11_ER,0.03153369947609011,Cytoplasm,Granularity,ER
Nuclei_Granularity_10_ER,0.03151220361967783,Nuclei,Granularity,ER
Cells_Granularity_16_Mito,0.03150896926841242,Cells,Granularity,Mito
Nuclei_Texture_Contrast_Mito_3_02_256,0.03147668443681658,Nuclei,Texture,Mito
Nuclei_RadialDistribution_MeanFrac_Actin_1of4,0.03142956310465172,Nuclei,RadialDistribution,Actin
Cells_Granularity_11_ER,0.031377533141020736,Cells,Granularity,ER
Cells_Intensity_UpperQuartileIntensity_DNA,0.03137188794859029,Cells,Intensity,DNA
Cells_Granularity_2_DNA,0.03132962970412444,Cells,Granularity,DNA
Nuclei_Granularity_12_ER,0.03128860440163211,Nuclei,Granularity,ER
Cytoplasm_Granularity_10_DNA,0.031242990159125923,Cytoplasm,Granularity,DNA
Nuclei_Texture_Contrast_DNA_3_01_256,0.031164686181451625,Nuclei,Texture,DNA
Nuclei_RadialDistribution_ZernikeMagnitude_DNA_4_0,0.031124715347891532,Nuclei,RadialDistribution,DNA
Nuclei_Texture_Variance_PM_3_03_256,0.031120298760171743,Nuclei,Texture,PM
Nuclei_RadialDistribution_FracAtD_DNA_1of4,0.030860613155030716,Nuclei,RadialDistribution,DNA
Cells_Granularity_3_DNA,0.030731255700053643,Cells,Granularity,DNA
Nuclei_Texture_SumVariance_ER_3_01_256,0.030705078227609133,Nuclei,Texture,ER
Nuclei_RadialDistribution_ZernikeMagnitude_DNA_8_2,0.03070493379556481,Nuclei,RadialDistribution,DNA
Nuclei_Texture_Variance_PM_3_01_256,0.030632055826549143,Nuclei,Texture,PM
Cytoplasm_AreaShape_Zernike_5_3,0.030565845146224475,Cytoplasm,AreaShape,No channel
Nuclei_Granularity_15_Mito,0.030513435995988696,Nuclei,Granularity,Mito
Cytoplasm_Granularity_11_PM,0.030500618806101033,Cytoplasm,Granularity,PM
Cytoplasm_Granularity_10_ER,0.030371181061873455,Cytoplasm,Granularity,ER
Cells_AreaShape_Zernike_9_9,0.03025374215463629,Cells,AreaShape,No channel
Nuclei_Texture_SumVariance_ER_3_03_256,0.03024604357886513,Nuclei,Texture,ER
Cytoplasm_AreaShape_Zernike_5_1,0.030216629703637445,Cytoplasm,AreaShape,No channel
Nuclei_RadialDistribution_ZernikeMagnitude_ER_8_8,0.030123675412062782,Nuclei,RadialDistribution,ER
Cells_Intensity_MassDisplacement_Mito,0.029933400564601535,Cells,Intensity,Mito
Cells_Correlation_Manders_DNA_Mito,0.029714161287780694,Cells,Correlation,Multiple channels
Cytoplasm_AreaShape_Zernike_9_9,0.029628548254414987,Cytoplasm,AreaShape,No channel
Nuclei_RadialDistribution_MeanFrac_DNA_1of4,0.02960479194319562,Nuclei,RadialDistribution,DNA
Nuclei_Texture_Contrast_Mito_3_03_256,0.029467107934322487,Nuclei,Texture,Mito
Nuclei_Texture_Contrast_Mito_3_01_256,0.029143065624813964,Nuclei,Texture,Mito
Cells_Granularity_9_DNA,0.02903931150556012,Cells,Granularity,DNA
Cytoplasm_Texture_Contrast_DNA_3_00_256,0.02895158194690435,Cytoplasm,Texture,DNA
Cells_RadialDistribution_ZernikeMagnitude_DNA_8_4,0.028911246344489473,Cells,RadialDistribution,DNA
Cytoplasm_Texture_Contrast_DNA_3_02_256,0.028898024191306274,Cytoplasm,Texture,DNA
Cytoplasm_Granularity_16_DNA,0.028889276589085258,Cytoplasm,Granularity,DNA
Cells_Granularity_10_PM,0.02885247960820616,Cells,Granularity,PM
Cytoplasm_AreaShape_BoundingBoxMaximum_Y,0.028781045056390356,Cytoplasm,AreaShape,No channel
Cells_AreaShape_BoundingBoxMaximum_Y,0.028781045056390356,Cells,AreaShape,No channel
Cytoplasm_RadialDistribution_RadialCV_DNA_1of4,0.028710188062702355,Cytoplasm,RadialDistribution,DNA
Cytoplasm_Granularity_10_Mito,0.028675230058660267,Cytoplasm,Granularity,Mito
Nuclei_Granularity_16_Actin,0.028671991603442783,Nuclei,Granularity,Actin
Cytoplasm_Granularity_10_PM,0.028627258072761015,Cytoplasm,Granularity,PM
Nuclei_AreaShape_Solidity,0.028558320613584057,Nuclei,AreaShape,No channel
Cytoplasm_Granularity_12_ER,0.02853627039189374,Cytoplasm,Granularity,ER
Nuclei_Texture_SumVariance_PM_3_00_256,0.028492409561107903,Nuclei,Texture,PM
Cells_Granularity_12_ER,0.028476291753364774,Cells,Granularity,ER
Cells_AreaShape_Zernike_5_3,0.028408713410541485,Cells,AreaShape,No channel
Cells_RadialDistribution_ZernikeMagnitude_DNA_2_2,0.02838679526170548,Cells,RadialDistribution,DNA
Cytoplasm_Granularity_9_ER,0.028349196044410593,Cytoplasm,Granularity,ER
Cells_Granularity_9_ER,0.02833347200701674,Cells,Granularity,ER
Nuclei_Texture_Variance_DNA_3_01_256,0.028329898434338516,Nuclei,Texture,DNA
Nuclei_Texture_SumVariance_PM_3_02_256,0.028329771090483895,Nuclei,Texture,PM
Cytoplasm_Location_MaxIntensity_Y_DNA,0.02821032229777483,Cytoplasm,Location,DNA
Nuclei_RadialDistribution_ZernikeMagnitude_ER_6_6,0.028183734255526078,Nuclei,RadialDistribution,ER
Cytoplasm_AreaShape_Zernike_7_5,0.028137556114202572,Cytoplasm,AreaShape,No channel
Cytoplasm_Intensity_MassDisplacement_DNA,0.028119105465248245,Cytoplasm,Intensity,DNA
Cytoplasm_Location_MaxIntensity_Y_Actin,0.02811149805682127,Cytoplasm,Location,Actin
Cytoplasm_RadialDistribution_ZernikeMagnitude_DNA_5_5,0.028091796875262934,Cytoplasm,RadialDistribution,DNA
Cytoplasm_Granularity_15_PM,0.027981040866674585,Cytoplasm,Granularity,PM
Nuclei_Texture_Variance_DNA_3_03_256,0.027872996312684747,Nuclei,Texture,DNA
Cells_Location_CenterMassIntensity_Y_Actin,0.027826531583653284,Cells,Location,Actin
Cells_Location_MaxIntensity_Y_Actin,0.027726255560736265,Cells,Location,Actin
Cells_Location_CenterMassIntensity_Y_DNA,0.027716970945676697,Cells,Location,DNA
Nuclei_Location_MaxIntensity_Y_DNA,0.0277123383711229,Nuclei,Location,DNA
Nuclei_Granularity_3_DNA,0.02770860369099474,Nuclei,Granularity,DNA
Nuclei_Texture_Variance_DNA_3_00_256,0.027697336857894914,Nuclei,Texture,DNA
Cells_Location_MaxIntensity_Y_DNA,0.027686678915869564,Cells,Location,DNA
Cells_Granularity_7_ER,0.02766184558676188,Cells,Granularity,ER
Nuclei_AreaShape_BoundingBoxMinimum_Y,0.027647815947209695,Nuclei,AreaShape,No channel
Cytoplasm_Location_CenterMassIntensity_Y_Actin,0.027645307996736083,Cytoplasm,Location,Actin
Cells_Granularity_10_Mito,0.0276376716562126,Cells,Granularity,Mito
Nuclei_Texture_Variance_DNA_3_02_256,0.02763750107585401,Nuclei,Texture,DNA
Cells_Granularity_15_PM,0.027617235393019905,Cells,Granularity,PM
Nuclei_RadialDistribution_ZernikeMagnitude_DNA_3_1,0.027594547835006936,Nuclei,RadialDistribution,DNA
Nuclei_RadialDistribution_RadialCV_DNA_2of4,0.02757410738525241,Nuclei,RadialDistribution,DNA
Nuclei_RadialDistribution_RadialCV_DNA_4of4,0.02743737088293568,Nuclei,RadialDistribution,DNA
Nuclei_Location_CenterMassIntensity_Y_ER,0.027419005259278057,Nuclei,Location,ER
Nuclei_RadialDistribution_ZernikeMagnitude_DNA_6_4,0.027411649183075714,Nuclei,RadialDistribution,DNA
Cells_AreaShape_Center_Y,0.02736805095858038,Cells,AreaShape,No channel
Nuclei_Location_CenterMassIntensity_Y_Actin,0.02735830664055946,Nuclei,Location,Actin
Nuclei_Location_CenterMassIntensity_Y_Mito,0.027341767988766523,Nuclei,Location,Mito
Nuclei_Location_CenterMassIntensity_Y_PM,0.027340821839225777,Nuclei,Location,PM
Cytoplasm_Location_Center_Y,0.02734046189539467,Cytoplasm,Location,No channel
Cytoplasm_AreaShape_Center_Y,0.02734046189539467,Cytoplasm,AreaShape,No channel
Nuclei_Location_CenterMassIntensity_Y_DNA,0.027307175206017335,Nuclei,Location,DNA
Nuclei_AreaShape_Center_Y,0.02729764577646075,Nuclei,AreaShape,No channel
Nuclei_AreaShape_BoundingBoxMaximum_Y,0.02721461267874177,Nuclei,AreaShape,No channel
Cells_Location_CenterMassIntensity_Y_PM,0.027205099192629326,Cells,Location,PM
Cells_RadialDistribution_RadialCV_DNA_1of4,0.027112788254359636,Cells,RadialDistribution,DNA
Cytoplasm_Intensity_MassDisplacement_Mito,0.02708514563909017,Cytoplasm,Intensity,Mito
Cytoplasm_Location_CenterMassIntensity_Y_PM,0.027024103390625664,Cytoplasm,Location,PM
Cytoplasm_Granularity_16_Actin,0.027020652957908762,Cytoplasm,Granularity,Actin
Cells_Granularity_16_Actin,0.026994796573740293,Cells,Granularity,Actin
Nuclei_Texture_SumVariance_PM_3_03_256,0.026992292236852074,Nuclei,Texture,PM
Nuclei_RadialDistribution_MeanFrac_DNA_3of4,0.02698620264609607,Nuclei,RadialDistribution,DNA
Cytoplasm_Location_CenterMassIntensity_Y_ER,0.02686147481775057,Cytoplasm,Location,ER
Nuclei_Location_MaxIntensity_Y_Actin,0.026845841667877936,Nuclei,Location,Actin
Cells_Location_CenterMassIntensity_Y_ER,0.0267387860349385,Cells,Location,ER
Cells_RadialDistribution_ZernikeMagnitude_DNA_5_3,0.02669933369114165,Cells,RadialDistribution,DNA
Nuclei_Location_MaxIntensity_Y_PM,0.026552563909242613,Nuclei,Location,PM
Cytoplasm_Location_CenterMassIntensity_Y_Mito,0.026461385412537845,Cytoplasm,Location,Mito
Nuclei_Texture_SumVariance_DNA_3_00_256,0.0263784972600402,Nuclei,Texture,DNA
Cytoplasm_Location_CenterMassIntensity_Y_DNA,0.02637232280386343,Cytoplasm,Location,DNA
Cells_Granularity_7_DNA,0.02633636196795114,Cells,Granularity,DNA
Nuclei_Texture_SumVariance_PM_3_01_256,0.02633234790251699,Nuclei,Texture,PM
Cells_Location_CenterMassIntensity_Y_Mito,0.026320160577788333,Cells,Location,Mito
Cytoplasm_Granularity_14_DNA,0.026147540095200084,Cytoplasm,Granularity,DNA
Cells_Granularity_14_DNA,0.026019642260791294,Cells,Granularity,DNA
Nuclei_Texture_SumVariance_DNA_3_02_256,0.025933382645342746,Nuclei,Texture,DNA
Nuclei_Location_MaxIntensity_Y_ER,0.025910787581395596,Nuclei,Location,ER
Nuclei_Granularity_2_DNA,0.025825516837343885,Nuclei,Granularity,DNA
Nuclei_Location_MaxIntensity_Y_Mito,0.025639865205582278,Nuclei,Location,Mito
Nuclei_AreaShape_Zernike_6_0,0.025634226293465928,Nuclei,AreaShape,No channel
Nuclei_AreaShape_Zernike_5_3,0.025577372833286326,Nuclei,AreaShape,No channel
Nuclei_AreaShape_Orientation,0.025524425544794425,Nuclei,AreaShape,No channel
Cells_RadialDistribution_RadialCV_PM_1of4,0.025501576186435802,Cells,RadialDistribution,PM
Cells_Location_MaxIntensity_Y_ER,0.025493410275283533,Cells,Location,ER
Cells_AreaShape_Zernike_7_5,0.025487702953577912,Cells,AreaShape,No channel
Nuclei_Granularity_8_DNA,0.025315160182378737,Nuclei,Granularity,DNA
Cytoplasm_RadialDistribution_ZernikeMagnitude_DNA_9_9,0.025280606567679567,Cytoplasm,RadialDistribution,DNA
Cytoplasm_Location_MaxIntensity_Y_ER,0.02526509797885631,Cytoplasm,Location,ER
Cells_AreaShape_Orientation,0.025119146535297784,Cells,AreaShape,No channel
Nuclei_AreaShape_Zernike_7_7,0.024866149936892817,Nuclei,AreaShape,No channel
Cytoplasm_Texture_Contrast_DNA_3_01_256,0.02477753987801656,Cytoplasm,Texture,DNA
Nuclei_Texture_SumVariance_DNA_3_01_256,0.02477731979009017,Nuclei,Texture,DNA
Nuclei_Granularity_16_Mito,0.024700084452241523,Nuclei,Granularity,Mito
Cytoplasm_AreaShape_Zernike_9_7,0.02467763456654129,Cytoplasm,AreaShape,No channel
Nuclei_Texture_SumVariance_DNA_3_03_256,0.024644551634122176,Nuclei,Texture,DNA
Cytoplasm_Granularity_7_ER,0.024637482766468037,Cytoplasm,Granularity,ER
Nuclei_AreaShape_Zernike_9_3,0.024594453800844438,Nuclei,AreaShape,No channel
Cells_Intensity_MassDisplacement_DNA,0.024556208065454253,Cells,Intensity,DNA
Nuclei_AreaShape_Extent,0.02455593002411005,Nuclei,AreaShape,No channel
Cytoplasm_RadialDistribution_ZernikeMagnitude_DNA_7_7,0.02455195656018914,Cytoplasm,RadialDistribution,DNA
Cytoplasm_Texture_Contrast_DNA_3_03_256,0.024408640841355946,Cytoplasm,Texture,DNA
Nuclei_AreaShape_Zernike_9_7,0.024388285540683615,Nuclei,AreaShape,No channel
Cytoplasm_AreaShape_Orientation,0.024312495550244027,Cytoplasm,AreaShape,No channel
Nuclei_AreaShape_Zernike_5_1,0.024262333814313204,Nuclei,AreaShape,No channel
Cytoplasm_Granularity_14_ER,0.02418901048992092,Cytoplasm,Granularity,ER
Cells_RadialDistribution_FracAtD_DNA_3of4,0.02417558821828128,Cells,RadialDistribution,DNA
Nuclei_Granularity_14_DNA,0.024127955693397915,Nuclei,Granularity,DNA
Cytoplasm_Location_MaxIntensity_Y_PM,0.023948447624486353,Cytoplasm,Location,PM
Cytoplasm_Location_MaxIntensity_Y_Mito,0.023935426514927825,Cytoplasm,Location,Mito
Nuclei_Intensity_StdIntensityEdge_DNA,0.02388986809666152,Nuclei,Intensity,DNA
Cytoplasm_AreaShape_Zernike_6_0,0.023788814738328744,Cytoplasm,AreaShape,No channel
Cells_Location_MaxIntensity_Y_Mito,0.02378558558720867,Cells,Location,Mito
Cytoplasm_AreaShape_Zernike_9_5,0.02362307242165918,Cytoplasm,AreaShape,No channel
Cytoplasm_Granularity_13_ER,0.023616328276539294,Cytoplasm,Granularity,ER
Cells_AreaShape_Zernike_9_7,0.023458524923725806,Cells,AreaShape,No channel
Cells_AreaShape_Zernike_9_5,0.02344628841602243,Cells,AreaShape,No channel
Nuclei_AreaShape_Compactness,0.02340759122304576,Nuclei,AreaShape,No channel
Cells_Location_MaxIntensity_Y_PM,0.023362719933742563,Cells,Location,PM
Nuclei_Granularity_9_ER,0.02319095388079756,Nuclei,Granularity,ER
Cells_Granularity_14_ER,0.023169023946750796,Cells,Granularity,ER
Cells_Granularity_16_DNA,0.02315460288850212,Cells,Granularity,DNA
Nuclei_Texture_Variance_Mito_3_00_256,0.023136766193263263,Nuclei,Texture,Mito
Nuclei_AreaShape_Zernike_7_5,0.023090684175231635,Nuclei,AreaShape,No channel
Nuclei_Texture_Variance_Mito_3_02_256,0.023086660034684237,Nuclei,Texture,Mito
Cytoplasm_Granularity_15_DNA,0.02298612683149557,Cytoplasm,Granularity,DNA
Cells_Granularity_8_DNA,0.022979508191361023,Cells,Granularity,DNA
Cytoplasm_AreaShape_Zernike_9_3,0.022887173262749666,Cytoplasm,AreaShape,No channel
Cytoplasm_AreaShape_Zernike_7_3,0.02281087059826382,Cytoplasm,AreaShape,No channel
Nuclei_Texture_Variance_Mito_3_03_256,0.022734801787434207,Nuclei,Texture,Mito
Nuclei_Neighbors_NumberOfNeighbors_Adjacent,0.02257424226949382,Nuclei,Neighbors,No channel
Nuclei_Granularity_15_PM,0.022502844789612248,Nuclei,Granularity,PM
Nuclei_Texture_Variance_Mito_3_01_256,0.022446654809884246,Nuclei,Texture,Mito
Cells_Granularity_13_ER,0.02234882324604711,Cells,Granularity,ER
Cells_Correlation_Manders_DNA_PM,0.02180560108396998,Cells,Correlation,Multiple channels
Cytoplasm_Correlation_Costes_PM_ER,0.02173867458789671,Cytoplasm,Correlation,Multiple channels
Cytoplasm_Granularity_15_ER,0.021736558573976248,Cytoplasm,Granularity,ER
Cells_Correlation_Costes_PM_ER,0.021598687294296842,Cells,Correlation,Multiple channels
Cells_AreaShape_Zernike_5_1,0.021496663265026004,Cells,AreaShape,No channel
Cytoplasm_Granularity_2_DNA,0.021467891466237014,Cytoplasm,Granularity,DNA
Nuclei_AreaShape_Zernike_9_5,0.021439873740948794,Nuclei,AreaShape,No channel
Nuclei_Texture_SumVariance_Mito_3_02_256,0.021421166112460407,Nuclei,Texture,Mito
Nuclei_AreaShape_Zernike_7_1,0.021335538450890052,Nuclei,AreaShape,No channel
Nuclei_Texture_SumVariance_Mito_3_00_256,0.021200326119927764,Nuclei,Texture,Mito
Nuclei_RadialDistribution_RadialCV_DNA_3of4,0.021111127328743446,Nuclei,RadialDistribution,DNA
Cytoplasm_Granularity_16_PM,0.021043428262427846,Cytoplasm,Granularity,PM
Cytoplasm_AreaShape_Zernike_8_4,0.02088695754535628,Cytoplasm,AreaShape,No channel
Nuclei_AreaShape_Zernike_9_9,0.02077364742462083,Nuclei,AreaShape,No channel
Cells_Granularity_16_PM,0.02075106210941353,Cells,Granularity,PM
Cytoplasm_AreaShape_Zernike_7_1,0.020691985699463285,Cytoplasm,AreaShape,No channel
Cells_Granularity_15_ER,0.020676594455244092,Cells,Granularity,ER
Nuclei_Granularity_13_ER,0.02064051797503174,Nuclei,Granularity,ER
Cells_Granularity_15_DNA,0.020640325678974693,Cells,Granularity,DNA
Nuclei_Correlation_Costes_Mito_PM,0.020338910343305774,Nuclei,Correlation,Multiple channels
Cytoplasm_AreaShape_Zernike_8_0,0.020312584259020855,Cytoplasm,AreaShape,No channel
Nuclei_Intensity_MassDisplacement_DNA,0.02022870515340764,Nuclei,Intensity,DNA
Nuclei_AreaShape_Zernike_5_5,0.020049306744065572,Nuclei,AreaShape,No channel
Nuclei_Granularity_8_ER,0.019923438533768583,Nuclei,Granularity,ER
Nuclei_Granularity_16_DNA,0.01989319006145972,Nuclei,Granularity,DNA
Nuclei_Texture_SumVariance_Mito_3_03_256,0.0198891785192696,Nuclei,Texture,Mito
Cytoplasm_RadialDistribution_RadialCV_PM_1of4,0.019865750978971582,Cytoplasm,RadialDistribution,PM
Nuclei_Texture_SumVariance_Mito_3_01_256,0.019677798412762935,Nuclei,Texture,Mito
Nuclei_Correlation_Costes_Actin_DNA,0.01961629600410163,Nuclei,Correlation,Multiple channels
Cells_RadialDistribution_ZernikeMagnitude_DNA_9_5,0.019572897993190255,Cells,RadialDistribution,DNA
Nuclei_Correlation_Costes_ER_Mito,0.01950847035484116,Nuclei,Correlation,Multiple channels
Nuclei_AreaShape_Zernike_3_3,0.019466036771179914,Nuclei,AreaShape,No channel
Nuclei_AreaShape_Zernike_1_1,0.01922367267337147,Nuclei,AreaShape,No channel
Cytoplasm_AreaShape_Zernike_9_1,0.019048621943287707,Cytoplasm,AreaShape,No channel
Nuclei_Correlation_Costes_PM_Mito,0.018983340852347468,Nuclei,Correlation,Multiple channels
Nuclei_AreaShape_Zernike_8_4,0.018927295818975287,Nuclei,AreaShape,No channel
Cytoplasm_Granularity_16_ER,0.018841025422352147,Cytoplasm,Granularity,ER
Cells_RadialDistribution_ZernikeMagnitude_DNA_6_4,0.018686561397433316,Cells,RadialDistribution,DNA
Cytoplasm_AreaShape_Zernike_8_2,0.01855229922422873,Cytoplasm,AreaShape,No channel
Cells_AreaShape_Zernike_6_0,0.01853467539230473,Cells,AreaShape,No channel
Cells_AreaShape_Zernike_8_0,0.018279020452296416,Cells,AreaShape,No channel
Cells_AreaShape_Zernike_7_3,0.018232621556997577,Cells,AreaShape,No channel
Cytoplasm_Granularity_3_DNA,0.017842997328746144,Cytoplasm,Granularity,DNA
Cells_Granularity_16_ER,0.01766054252342105,Cells,Granularity,ER
Nuclei_Granularity_14_ER,0.017626899194161612,Nuclei,Granularity,ER
Nuclei_Granularity_15_DNA,0.017206093939858773,Nuclei,Granularity,DNA
Nuclei_Correlation_Costes_Actin_PM,0.01713503618294475,Nuclei,Correlation,Multiple channels
Cells_AreaShape_Zernike_4_0,0.01692281917112182,Cells,AreaShape,No channel
Nuclei_AreaShape_Zernike_9_1,0.016727854819211168,Nuclei,AreaShape,No channel
Cells_RadialDistribution_FracAtD_DNA_1of4,0.01634008422149737,Cells,RadialDistribution,DNA
Nuclei_AreaShape_Zernike_3_1,0.016273993629834935,Nuclei,AreaShape,No channel
Cells_AreaShape_Zernike_7_1,0.01593674566257143,Cells,AreaShape,No channel
Cytoplasm_Correlation_Costes_PM_Actin,0.01569733057519792,Cytoplasm,Correlation,Multiple channels
Cytoplasm_Correlation_Costes_Mito_Actin,0.015542592669345696,Cytoplasm,Correlation,Multiple channels
Cells_AreaShape_Zernike_6_2,0.015099227294142233,Cells,AreaShape,No channel
Nuclei_AreaShape_Zernike_7_3,0.015043919867745075,Nuclei,AreaShape,No channel
Nuclei_Correlation_Costes_Mito_Actin,0.014728666098258257,Nuclei,Correlation,Multiple channels
Cells_Correlation_Costes_Mito_Actin,0.014672275595722255,Cells,Correlation,Multiple channels
Cells_AreaShape_Zernike_8_2,0.014580599677569637,Cells,AreaShape,No channel
Cells_AreaShape_Zernike_8_4,0.014534394715535467,Cells,AreaShape,No channel
Cells_RadialDistribution_MeanFrac_DNA_1of4,0.01447725209126455,Cells,RadialDistribution,DNA
Cytoplasm_Granularity_8_ER,0.014313415706198351,Cytoplasm,Granularity,ER
Cells_Correlation_Costes_PM_Actin,0.014184617777285198,Cells,Correlation,Multiple channels
Cytoplasm_Texture_Variance_DNA_3_03_256,0.014183440004910746,Cytoplasm,Texture,DNA
Cytoplasm_Texture_Variance_DNA_3_00_256,0.013920218148980529,Cytoplasm,Texture,DNA
Cells_RadialDistribution_ZernikeMagnitude_DNA_4_4,0.013866545490439567,Cells,RadialDistribution,DNA
Cytoplasm_Texture_Variance_DNA_3_01_256,0.0138322432260527,Cytoplasm,Texture,DNA
Cells_RadialDistribution_ZernikeMagnitude_DNA_3_3,0.013662016566838662,Cells,RadialDistribution,DNA
Cytoplasm_AreaShape_Zernike_6_2,0.01357902929539642,Cytoplasm,AreaShape,No channel
Cytoplasm_Texture_Variance_DNA_3_02_256,0.013497312359352994,Cytoplasm,Texture,DNA
Nuclei_Neighbors_PercentTouching_Adjacent,0.013488707245594832,Nuclei,Neighbors,No channel
Cells_Granularity_8_ER,0.013162237158937867,Cells,Granularity,ER
Nuclei_Granularity_16_PM,0.012996398968575348,Nuclei,Granularity,PM
Cytoplasm_Texture_SumVariance_DNA_3_00_256,0.012929222198528245,Cytoplasm,Texture,DNA
Cytoplasm_AreaShape_Zernike_4_0,0.012747813289445934,Cytoplasm,AreaShape,No channel
Cytoplasm_Texture_SumVariance_DNA_3_02_256,0.01260865715737447,Cytoplasm,Texture,DNA
Cells_AreaShape_Zernike_9_1,0.012544237771690387,Cells,AreaShape,No channel
Nuclei_Granularity_15_ER,0.01253892862046535,Nuclei,Granularity,ER
Cells_RadialDistribution_ZernikeMagnitude_DNA_7_5,0.012517485821607213,Cells,RadialDistribution,DNA
Cytoplasm_Texture_SumVariance_DNA_3_03_256,0.012451906818632471,Cytoplasm,Texture,DNA
Cells_AreaShape_Zernike_9_3,0.012370017862355854,Cells,AreaShape,No channel
Nuclei_Correlation_Manders_Actin_ER,0.012160605172389536,Nuclei,Correlation,Multiple channels
Cytoplasm_Texture_SumVariance_DNA_3_01_256,0.012087214577120656,Cytoplasm,Texture,DNA
Cells_RadialDistribution_ZernikeMagnitude_DNA_8_6,0.01205218393760316,Cells,RadialDistribution,DNA
Nuclei_Correlation_Manders_DNA_ER,0.011879395523590474,Nuclei,Correlation,Multiple channels
Cells_RadialDistribution_ZernikeMagnitude_DNA_6_6,0.011714196640076745,Cells,RadialDistribution,DNA
Nuclei_AreaShape_Zernike_8_0,0.011325970052048167,Nuclei,AreaShape,No channel
Cells_RadialDistribution_ZernikeMagnitude_DNA_8_8,0.011182565868038456,Cells,RadialDistribution,DNA
Nuclei_Correlation_Manders_DNA_Mito,0.010840249957403082,Nuclei,Correlation,Multiple channels
Nuclei_Correlation_Manders_DNA_Actin,0.010455164685946901,Nuclei,Correlation,Multiple channels
Nuclei_Correlation_Manders_Actin_Mito,0.010378449087921179,Nuclei,Correlation,Multiple channels
Nuclei_Correlation_Manders_Mito_ER,0.010071441173713867,Nuclei,Correlation,Multiple channels
Nuclei_Correlation_Manders_PM_Actin,0.010036852725574764,Nuclei,Correlation,Multiple channels
Nuclei_Correlation_Manders_Mito_Actin,0.00966293654543789,Nuclei,Correlation,Multiple channels
Nuclei_Correlation_Manders_ER_Actin,0.009557349750032999,Nuclei,Correlation,Multiple channels
Nuclei_Correlation_Manders_PM_ER,0.009387438514698946,Nuclei,Correlation,Multiple channels
Nuclei_Correlation_Costes_Actin_Mito,0.00934010220771631,Nuclei,Correlation,Multiple channels
Nuclei_Correlation_Manders_ER_Mito,0.008866122060971348,Nuclei,Correlation,Multiple channels
Nuclei_Granularity_16_ER,0.008812117239767037,Nuclei,Granularity,ER
Cells_RadialDistribution_ZernikeMagnitude_DNA_9_7,0.00838686983607893,Cells,RadialDistribution,DNA
Cells_RadialDistribution_ZernikeMagnitude_DNA_5_5,0.008058853233468026,Cells,RadialDistribution,DNA
Cells_RadialDistribution_ZernikeMagnitude_DNA_9_9,0.006769115849012396,Cells,RadialDistribution,DNA
Nuclei_Correlation_Manders_PM_Mito,0.0066744444641406,Nuclei,Correlation,Multiple channels
Cells_RadialDistribution_ZernikeMagnitude_DNA_7_7,0.006592122436656982,Cells,RadialDistribution,DNA
Nuclei_Correlation_Manders_DNA_PM,0.004901380544380954,Nuclei,Correlation,Multiple channels
Nuclei_Correlation_Manders_Actin_PM,0.004339876874129025,Nuclei,Correlation,Multiple channels
Nuclei_Correlation_Manders_ER_PM,0.003767395564584315,Nuclei,Correlation,Multiple channels
Nuclei_Correlation_Costes_DNA_Mito,0.0027367439114128955,Nuclei,Correlation,Multiple channels
Nuclei_Correlation_Manders_Mito_PM,0.0020628626005928857,Nuclei,Correlation,Multiple channels
Nuclei_Correlation_Manders_Actin_DNA,0.0017842815732681703,Nuclei,Correlation,Multiple channels
Nuclei_Correlation_Manders_ER_DNA,0.0015248381675220053,Nuclei,Correlation,Multiple channels
Nuclei_Correlation_Manders_PM_DNA,0.0015066484543435604,Nuclei,Correlation,Multiple channels
Nuclei_Correlation_Manders_Mito_DNA,0.001495712848008999,Nuclei,Correlation,Multiple channels
Nuclei_Correlation_Costes_DNA_PM,0.0012153247066763724,Nuclei,Correlation,Multiple channels
Nuclei_Correlation_Costes_Mito_ER,0.0009447654745077806,Nuclei,Correlation,Multiple channels
Nuclei_Correlation_Costes_ER_PM,0.00043669799509855596,Nuclei,Correlation,Multiple channels
Nuclei_Correlation_Costes_DNA_ER,0.00040628662223908584,Nuclei,Correlation,Multiple channels
Cytoplasm_AreaShape_EulerNumber,0.000388878349948606,Cytoplasm,AreaShape,No channel
Nuclei_Correlation_Costes_ER_DNA,0.00036218757465568847,Nuclei,Correlation,Multiple channels
Cells_AreaShape_EulerNumber,0.000289212216154026,Cells,AreaShape,No channel
Nuclei_Correlation_Costes_Mito_DNA,0.00027601390935416806,Nuclei,Correlation,Multiple channels
Nuclei_Correlation_Costes_PM_DNA,0.0002564904471515157,Nuclei,Correlation,Multiple channels
Nuclei_Correlation_Costes_PM_ER,0.00012949390789987694,Nuclei,Correlation,Multiple channels
Cells_Location_MaxIntensity_Z_PM,0.0,Cells,Location,PM
Cells_Location_Center_Z,0.0,Cells,Location,No channel
Cells_Location_MaxIntensity_Z_Mito,0.0,Cells,Location,Mito
Cells_Location_MaxIntensity_Z_ER,0.0,Cells,Location,ER
Nuclei_Children_Cells_Count,0.0,Nuclei,Children,No channel
Nuclei_Location_CenterMassIntensity_Z_Actin,0.0,Nuclei,Location,Actin
Cytoplasm_Location_MaxIntensity_Z_Mito,0.0,Cytoplasm,Location,Mito
Nuclei_Location_MaxIntensity_Z_Mito,0.0,Nuclei,Location,Mito
Cytoplasm_Location_CenterMassIntensity_Z_Actin,0.0,Cytoplasm,Location,Actin
Cytoplasm_Location_CenterMassIntensity_Z_DNA,0.0,Cytoplasm,Location,DNA
Cytoplasm_Location_CenterMassIntensity_Z_ER,0.0,Cytoplasm,Location,ER
Cytoplasm_Location_CenterMassIntensity_Z_Mito,0.0,Cytoplasm,Location,Mito
Cytoplasm_Location_CenterMassIntensity_Z_PM,0.0,Cytoplasm,Location,PM
Nuclei_Location_MaxIntensity_Z_ER,0.0,Nuclei,Location,ER
Nuclei_Location_MaxIntensity_Z_DNA,0.0,Nuclei,Location,DNA
Nuclei_Location_MaxIntensity_Z_Actin,0.0,Nuclei,Location,Actin
Cells_Location_MaxIntensity_Z_DNA,0.0,Cells,Location,DNA
Cytoplasm_Location_MaxIntensity_Z_Actin,0.0,Cytoplasm,Location,Actin
Cytoplasm_Location_MaxIntensity_Z_DNA,0.0,Cytoplasm,Location,DNA
Cytoplasm_Location_MaxIntensity_Z_ER,0.0,Cytoplasm,Location,ER
Cytoplasm_Location_MaxIntensity_Z_PM,0.0,Cytoplasm,Location,PM
Nuclei_Location_CenterMassIntensity_Z_DNA,0.0,Nuclei,Location,DNA
Cells_Children_Cytoplasm_Count,0.0,Cells,Children,No channel
Nuclei_AreaShape_EulerNumber,0.0,Nuclei,AreaShape,No channel
Cells_Location_CenterMassIntensity_Z_Actin,0.0,Cells,Location,Actin
Cells_Location_CenterMassIntensity_Z_DNA,0.0,Cells,Location,DNA
Cells_Location_CenterMassIntensity_Z_ER,0.0,Cells,Location,ER
Cells_Location_CenterMassIntensity_Z_Mito,0.0,Cells,Location,Mito
Nuclei_Location_MaxIntensity_Z_PM,0.0,Nuclei,Location,PM
Nuclei_Location_Center_Z,0.0,Nuclei,Location,No channel
Nuclei_Children_Cytoplasm_Count,0.0,Nuclei,Children,No channel
Nuclei_Location_CenterMassIntensity_Z_PM,0.0,Nuclei,Location,PM
Cells_Location_CenterMassIntensity_Z_PM,0.0,Cells,Location,PM
Nuclei_Location_CenterMassIntensity_Z_Mito,0.0,Nuclei,Location,Mito
Nuclei_Location_CenterMassIntensity_Z_ER,0.0,Nuclei,Location,ER
Cells_Location_MaxIntensity_Z_Actin,0.0,Cells,Location,Actin
